"user_id","user_name","recipe_code","recipe_name","predicted_rating"
"u_1oKVZPP8jYZRYPrNWRdDSTevmF4","afoth73","32480","Basic Homemade Bread",5
"u_1oKVZPP8jYZRYPrNWRdDSTevmF4","afoth73","23222","Baked Mushroom Chicken",5
"u_1oKVZPP8jYZRYPrNWRdDSTevmF4","afoth73","2872","Stuffed Pepper Soup",5
"u_1oKVZPP8jYZRYPrNWRdDSTevmF4","afoth73","32248","Smothered Chicken Breasts",5
"u_1oKVZPP8jYZRYPrNWRdDSTevmF4","afoth73","7178","Zucchini Cupcake",5
"u_1oKVZT7bnHOk8MH7Aom0wkTCJNo","ahmom","46655","Chocolate-Strawberry Celebration Cake",4.93477658505548
"u_1oKVZT7bnHOk8MH7Aom0wkTCJNo","ahmom","42386","Pumpkin Spice Cupcakes with Cream Cheese Frosting",4.92988948622424
"u_1oKVZT7bnHOk8MH7Aom0wkTCJNo","ahmom","74724","Chocolate Guinness Cake",4.92968823366936
"u_1oKVZT7bnHOk8MH7Aom0wkTCJNo","ahmom","14600","Buttery Cornbread",4.91693105611652
"u_1oKVZT7bnHOk8MH7Aom0wkTCJNo","ahmom","8431","Rhubarb Custard Bars",4.91110503600544
"u_1oKVZTHTqi7N4NPqNxPS2XB2asz","mythyagain","24886","Chicken and Dumplings",5
"u_1oKVZTHTqi7N4NPqNxPS2XB2asz","mythyagain","3683","Caramel Heavenlies",5
"u_1oKVZTHTqi7N4NPqNxPS2XB2asz","mythyagain","11330","Twice-Baked Potato Casserole",4.99272645884173
"u_1oKVZTHTqi7N4NPqNxPS2XB2asz","mythyagain","27675","Peanut Butter Cup Cheesecake",4.95214182317812
"u_1oKVZTHTqi7N4NPqNxPS2XB2asz","mythyagain","23222","Baked Mushroom Chicken",4.9412706600679
"u_1oKVZTi0UOjTtdNBtFIYYHyN2x6","LauraManning","3309","Best Ever Banana Bread",5
"u_1oKVZTi0UOjTtdNBtFIYYHyN2x6","LauraManning","7178","Zucchini Cupcake",5
"u_1oKVZTi0UOjTtdNBtFIYYHyN2x6","LauraManning","11330","Twice-Baked Potato Casserole",5
"u_1oKVZTi0UOjTtdNBtFIYYHyN2x6","LauraManning","21444","Favorite Chicken Potpie",5
"u_1oKVZTi0UOjTtdNBtFIYYHyN2x6","LauraManning","33206","Pineapple Orange Cake",5
"u_1oKVZUMDcz6fqhcfNkITken7Qof","Amy the Midwife","3143","Pumpkin Bars",4.799299632087
"u_1oKVZUMDcz6fqhcfNkITken7Qof","Amy the Midwife","17826","Amish Breakfast Casserole",4.68359327387257
"u_1oKVZUMDcz6fqhcfNkITken7Qof","Amy the Midwife","39545","White Bean Chicken Chili",4.66904274361507
"u_1oKVZUMDcz6fqhcfNkITken7Qof","Amy the Midwife","38183","Baked Tilapia",4.66841098422943
"u_1oKVZUMDcz6fqhcfNkITken7Qof","Amy the Midwife","39334","Chicken Penne Casserole",4.65426919288888
"u_1oKVZXzP64U03Y1r3DIJ5He5wZl","sstetzel","38183","Baked Tilapia",3.45954600396251
"u_1oKVZXzP64U03Y1r3DIJ5He5wZl","sstetzel","34347","Lime Chicken Tacos",3.42755821251264
"u_1oKVZXzP64U03Y1r3DIJ5He5wZl","sstetzel","3683","Caramel Heavenlies",3.41882550148179
"u_1oKVZXzP64U03Y1r3DIJ5He5wZl","sstetzel","3290","Brown Sugar Oatmeal Pancakes",3.04941946465406
"u_1oKVZXzP64U03Y1r3DIJ5He5wZl","sstetzel","7539","Fluffy Pancakes",3.02535249436243
"u_1oKVZagX4nkLravRce6v3sDjTYT","Worshipguy","16579","Chicken Wild Rice Soup",5
"u_1oKVZagX4nkLravRce6v3sDjTYT","Worshipguy","12003","Traditional Lasagna",5
"u_1oKVZagX4nkLravRce6v3sDjTYT","Worshipguy","9739","Best Ever Potato Soup",5
"u_1oKVZagX4nkLravRce6v3sDjTYT","Worshipguy","3058","Winning Apple Crisp",5
"u_1oKVZagX4nkLravRce6v3sDjTYT","Worshipguy","414","Lemon Blueberry Bread",5
"u_1oKVZangmN67bJNxpyD1j55VJCj","tsuop","2912","Zucchini Pizza Casserole",5
"u_1oKVZangmN67bJNxpyD1j55VJCj","tsuop","36450","Fluffy Key Lime Pie",5
"u_1oKVZangmN67bJNxpyD1j55VJCj","tsuop","38183","Baked Tilapia",5
"u_1oKVZangmN67bJNxpyD1j55VJCj","tsuop","45495","Gluten-Free Banana Bread",5
"u_1oKVZangmN67bJNxpyD1j55VJCj","tsuop","42386","Pumpkin Spice Cupcakes with Cream Cheese Frosting",5
"u_1oKVZaxgZr9JqCUTsowfyIT48aS","gina.kapfhamer","4383","First-Place Coconut Macaroons",5
"u_1oKVZaxgZr9JqCUTsowfyIT48aS","gina.kapfhamer","1196","Pumpkin Bread",5
"u_1oKVZaxgZr9JqCUTsowfyIT48aS","gina.kapfhamer","43675","Macaroni Coleslaw",5
"u_1oKVZaxgZr9JqCUTsowfyIT48aS","gina.kapfhamer","26937","Pineapple Pudding Cake",5
"u_1oKVZaxgZr9JqCUTsowfyIT48aS","gina.kapfhamer","27696","Flavorful Pot Roast",5
"u_1oKVZayWppErhTC8Zdspk9bGr7q","jmkasprak","32480","Basic Homemade Bread",4.79536709552246
"u_1oKVZayWppErhTC8Zdspk9bGr7q","jmkasprak","7539","Fluffy Pancakes",4.7949803022082
"u_1oKVZayWppErhTC8Zdspk9bGr7q","jmkasprak","6086","Apple Pie",4.79114151913332
"u_1oKVZayWppErhTC8Zdspk9bGr7q","jmkasprak","21444","Favorite Chicken Potpie",4.76540737388765
"u_1oKVZayWppErhTC8Zdspk9bGr7q","jmkasprak","1081","Baked Spaghetti",4.76473685419338
"u_1oKVZb4mPvJPUKjhJKYa3BYsPlI","slocook805","2912","Zucchini Pizza Casserole",5
"u_1oKVZb4mPvJPUKjhJKYa3BYsPlI","slocook805","8431","Rhubarb Custard Bars",5
"u_1oKVZb4mPvJPUKjhJKYa3BYsPlI","slocook805","9735","Comforting Chicken Noodle Soup",5
"u_1oKVZb4mPvJPUKjhJKYa3BYsPlI","slocook805","141947","Ham and Swiss Sliders",5
"u_1oKVZb4mPvJPUKjhJKYa3BYsPlI","slocook805","32264","Easy Chicken Enchiladas",5
"u_1oKVZbcNg5NYW87grfhDXNePwbL","danielleylee","1196","Pumpkin Bread",5
"u_1oKVZbcNg5NYW87grfhDXNePwbL","danielleylee","2872","Stuffed Pepper Soup",5
"u_1oKVZbcNg5NYW87grfhDXNePwbL","danielleylee","36450","Fluffy Key Lime Pie",5
"u_1oKVZbcNg5NYW87grfhDXNePwbL","danielleylee","41095","Contest-Winning New England Clam Chowder",5
"u_1oKVZbcNg5NYW87grfhDXNePwbL","danielleylee","10248","Garlic Beef Enchiladas",5
"u_1oKVZd0VlaqtDDqRaaytyYAEs0W","TNbluffbaker","3290","Brown Sugar Oatmeal Pancakes",4.84778677890356
"u_1oKVZd0VlaqtDDqRaaytyYAEs0W","TNbluffbaker","33206","Pineapple Orange Cake",4.8342137777115
"u_1oKVZd0VlaqtDDqRaaytyYAEs0W","TNbluffbaker","41095","Contest-Winning New England Clam Chowder",4.82898344889864
"u_1oKVZd0VlaqtDDqRaaytyYAEs0W","TNbluffbaker","11767","Quick Cream of Mushroom Soup",4.82816849941855
"u_1oKVZd0VlaqtDDqRaaytyYAEs0W","TNbluffbaker","8015","Easy Peanut Butter Fudge",4.82014932771425
"u_1oKVZdmUbQTYMVdbXOpVfRQuHm9","No_Time_To_Cook","4383","First-Place Coconut Macaroons",5
"u_1oKVZdmUbQTYMVdbXOpVfRQuHm9","No_Time_To_Cook","386","Hot Milk Cake",5
"u_1oKVZdmUbQTYMVdbXOpVfRQuHm9","No_Time_To_Cook","8431","Rhubarb Custard Bars",5
"u_1oKVZdmUbQTYMVdbXOpVfRQuHm9","No_Time_To_Cook","14299","Creamy White Chili",5
"u_1oKVZdmUbQTYMVdbXOpVfRQuHm9","No_Time_To_Cook","6086","Apple Pie",5
"u_1oKVZdntxwYzxksw1IqW0kld9jH","redcow","27626","Skillet Shepherd’s Pie",5
"u_1oKVZdntxwYzxksw1IqW0kld9jH","redcow","3290","Brown Sugar Oatmeal Pancakes",5
"u_1oKVZdntxwYzxksw1IqW0kld9jH","redcow","6504","Mom’s Meat Loaf",5
"u_1oKVZdntxwYzxksw1IqW0kld9jH","redcow","12734","Cheesy Ham Chowder",5
"u_1oKVZdntxwYzxksw1IqW0kld9jH","redcow","42873","Teriyaki Chicken Thighs",5
"u_1oKVZeBF1kxL7nJslWTFvZBiWnF","rwippel","33457","Chunky Apple Cake",4.90723015209227
"u_1oKVZeBF1kxL7nJslWTFvZBiWnF","rwippel","191775","Egg Roll Noodle Bowl",4.88845049908339
"u_1oKVZeBF1kxL7nJslWTFvZBiWnF","rwippel","26937","Pineapple Pudding Cake",4.87454323356899
"u_1oKVZeBF1kxL7nJslWTFvZBiWnF","rwippel","32264","Easy Chicken Enchiladas",4.87309147621233
"u_1oKVZeBF1kxL7nJslWTFvZBiWnF","rwippel","36450","Fluffy Key Lime Pie",4.85916476904243
"u_1oKVZfPfAjHBTg3w5dVHbNyXh0J","Summy","39334","Chicken Penne Casserole",5
"u_1oKVZfPfAjHBTg3w5dVHbNyXh0J","Summy","33121","Chocolate Chip Oatmeal Cookies",5
"u_1oKVZfPfAjHBTg3w5dVHbNyXh0J","Summy","19201","Peanut Butter Chocolate Dessert",5
"u_1oKVZfPfAjHBTg3w5dVHbNyXh0J","Summy","8202","Simple Taco Soup",5
"u_1oKVZfPfAjHBTg3w5dVHbNyXh0J","Summy","8431","Rhubarb Custard Bars",5
"u_1oKVZfQBhgRUCOwfHv6F4RA51zQ","Sue Zappa","2912","Zucchini Pizza Casserole",5
"u_1oKVZfQBhgRUCOwfHv6F4RA51zQ","Sue Zappa","2872","Stuffed Pepper Soup",5
"u_1oKVZfQBhgRUCOwfHv6F4RA51zQ","Sue Zappa","82745","Mamaw Emily’s Strawberry Cake",5
"u_1oKVZfQBhgRUCOwfHv6F4RA51zQ","Sue Zappa","1324","Porcupine Meatballs",5
"u_1oKVZfQBhgRUCOwfHv6F4RA51zQ","Sue Zappa","8431","Rhubarb Custard Bars",5
"u_1oKVZg1DVmIpML6RYl0Vhh6hcJm","rebelwithoutaclue","7539","Fluffy Pancakes",5
"u_1oKVZg1DVmIpML6RYl0Vhh6hcJm","rebelwithoutaclue","2912","Zucchini Pizza Casserole",5
"u_1oKVZg1DVmIpML6RYl0Vhh6hcJm","rebelwithoutaclue","26937","Pineapple Pudding Cake",5
"u_1oKVZg1DVmIpML6RYl0Vhh6hcJm","rebelwithoutaclue","6086","Apple Pie",5
"u_1oKVZg1DVmIpML6RYl0Vhh6hcJm","rebelwithoutaclue","33206","Pineapple Orange Cake",5
"u_1oKVZhrnNwRcxmUDVcErr7TGlOt","VictoriaElaine","45495","Gluten-Free Banana Bread",5
"u_1oKVZhrnNwRcxmUDVcErr7TGlOt","VictoriaElaine","386","Hot Milk Cake",5
"u_1oKVZhrnNwRcxmUDVcErr7TGlOt","VictoriaElaine","8431","Rhubarb Custard Bars",5
"u_1oKVZhrnNwRcxmUDVcErr7TGlOt","VictoriaElaine","11767","Quick Cream of Mushroom Soup",5
"u_1oKVZhrnNwRcxmUDVcErr7TGlOt","VictoriaElaine","9735","Comforting Chicken Noodle Soup",5
"u_1oKVZiDrHBo4Zdm6cgk1gQTUTue","DeliciouslyResourceful_Gina","3290","Brown Sugar Oatmeal Pancakes",5
"u_1oKVZiDrHBo4Zdm6cgk1gQTUTue","DeliciouslyResourceful_Gina","32535","Creamy Grape Salad",5
"u_1oKVZiDrHBo4Zdm6cgk1gQTUTue","DeliciouslyResourceful_Gina","28058","Shrimp Scampi",5
"u_1oKVZiDrHBo4Zdm6cgk1gQTUTue","DeliciouslyResourceful_Gina","3309","Best Ever Banana Bread",5
"u_1oKVZiDrHBo4Zdm6cgk1gQTUTue","DeliciouslyResourceful_Gina","32480","Basic Homemade Bread",5
"u_1oKVZiIZuaKs3QSzgHgkH01L7pA","Angel182009","100276","Grilled Huli Huli Chicken",5
"u_1oKVZiIZuaKs3QSzgHgkH01L7pA","Angel182009","12700","Big Soft Ginger Cookies",5
"u_1oKVZiIZuaKs3QSzgHgkH01L7pA","Angel182009","1196","Pumpkin Bread",5
"u_1oKVZiIZuaKs3QSzgHgkH01L7pA","Angel182009","3309","Best Ever Banana Bread",5
"u_1oKVZiIZuaKs3QSzgHgkH01L7pA","Angel182009","39545","White Bean Chicken Chili",5
"u_1oKVZibiPJd5Mv0tuRswBqWOVWD","jstowellsupermom","24886","Chicken and Dumplings",5
"u_1oKVZibiPJd5Mv0tuRswBqWOVWD","jstowellsupermom","2912","Zucchini Pizza Casserole",5
"u_1oKVZibiPJd5Mv0tuRswBqWOVWD","jstowellsupermom","12700","Big Soft Ginger Cookies",5
"u_1oKVZibiPJd5Mv0tuRswBqWOVWD","jstowellsupermom","27626","Skillet Shepherd’s Pie",5
"u_1oKVZibiPJd5Mv0tuRswBqWOVWD","jstowellsupermom","3309","Best Ever Banana Bread",5
"u_1oKVZjMqpb2ffF1WdpSK4BVAEa8","cherylyoung","17826","Amish Breakfast Casserole",5
"u_1oKVZjMqpb2ffF1WdpSK4BVAEa8","cherylyoung","10248","Garlic Beef Enchiladas",5
"u_1oKVZjMqpb2ffF1WdpSK4BVAEa8","cherylyoung","8431","Rhubarb Custard Bars",5
"u_1oKVZjMqpb2ffF1WdpSK4BVAEa8","cherylyoung","100276","Grilled Huli Huli Chicken",5
"u_1oKVZjMqpb2ffF1WdpSK4BVAEa8","cherylyoung","12700","Big Soft Ginger Cookies",5
"u_1oKVZjPKhLDLXjT59RoLFX6cU1D","dawnrosanne","33206","Pineapple Orange Cake",5
"u_1oKVZjPKhLDLXjT59RoLFX6cU1D","dawnrosanne","39334","Chicken Penne Casserole",5
"u_1oKVZjPKhLDLXjT59RoLFX6cU1D","dawnrosanne","12700","Big Soft Ginger Cookies",5
"u_1oKVZjPKhLDLXjT59RoLFX6cU1D","dawnrosanne","17826","Amish Breakfast Casserole",5
"u_1oKVZjPKhLDLXjT59RoLFX6cU1D","dawnrosanne","957","Sandy’s Chocolate Cake",5
"u_1oKVZjhJTlE5YiXkfXN8aXlWlCt","BakinGymnast","39334","Chicken Penne Casserole",5
"u_1oKVZjhJTlE5YiXkfXN8aXlWlCt","BakinGymnast","100276","Grilled Huli Huli Chicken",5
"u_1oKVZjhJTlE5YiXkfXN8aXlWlCt","BakinGymnast","33743","Tennessee Peach Pudding",5
"u_1oKVZjhJTlE5YiXkfXN8aXlWlCt","BakinGymnast","2832","Cheeseburger Soup",5
"u_1oKVZjhJTlE5YiXkfXN8aXlWlCt","BakinGymnast","32480","Basic Homemade Bread",5
"u_1oKVZk5SSueZta9FvIxnrCQtSGW","zookeeperk","3309","Best Ever Banana Bread",5
"u_1oKVZk5SSueZta9FvIxnrCQtSGW","zookeeperk","191775","Egg Roll Noodle Bowl",5
"u_1oKVZk5SSueZta9FvIxnrCQtSGW","zookeeperk","33743","Tennessee Peach Pudding",5
"u_1oKVZk5SSueZta9FvIxnrCQtSGW","zookeeperk","386","Hot Milk Cake",5
"u_1oKVZk5SSueZta9FvIxnrCQtSGW","zookeeperk","957","Sandy’s Chocolate Cake",5
"u_1oKVZkwou43a0PL7Aw0NCrDXTLL","Debglass11","36217","Creamy Macaroni and Cheese",5
"u_1oKVZkwou43a0PL7Aw0NCrDXTLL","Debglass11","2912","Zucchini Pizza Casserole",5
"u_1oKVZkwou43a0PL7Aw0NCrDXTLL","Debglass11","28058","Shrimp Scampi",5
"u_1oKVZkwou43a0PL7Aw0NCrDXTLL","Debglass11","7752","Chocolate Caramel Candy",5
"u_1oKVZkwou43a0PL7Aw0NCrDXTLL","Debglass11","43675","Macaroni Coleslaw",5
"u_1oKVZlMudnv9nvcRGj6fHB8YogN","wintermom9597","39334","Chicken Penne Casserole",5
"u_1oKVZlMudnv9nvcRGj6fHB8YogN","wintermom9597","45495","Gluten-Free Banana Bread",5
"u_1oKVZlMudnv9nvcRGj6fHB8YogN","wintermom9597","1081","Baked Spaghetti",4.96040905164218
"u_1oKVZlMudnv9nvcRGj6fHB8YogN","wintermom9597","19201","Peanut Butter Chocolate Dessert",4.95330446461076
"u_1oKVZlMudnv9nvcRGj6fHB8YogN","wintermom9597","32264","Easy Chicken Enchiladas",4.92850533579225
"u_1oKVZlYEnQRAz1PMlNmla7icLvh","MissKarla","26937","Pineapple Pudding Cake",5
"u_1oKVZlYEnQRAz1PMlNmla7icLvh","MissKarla","3683","Caramel Heavenlies",5
"u_1oKVZlYEnQRAz1PMlNmla7icLvh","MissKarla","11767","Quick Cream of Mushroom Soup",5
"u_1oKVZlYEnQRAz1PMlNmla7icLvh","MissKarla","1324","Porcupine Meatballs",5
"u_1oKVZlYEnQRAz1PMlNmla7icLvh","MissKarla","33743","Tennessee Peach Pudding",4.98069956984324
"u_1oKVZlbJsKnks4yML21aFN0AsFC","saw-whet","19731","Cauliflower Soup",5
"u_1oKVZlbJsKnks4yML21aFN0AsFC","saw-whet","41384","Black Bean ‘n’ Pumpkin Chili",5
"u_1oKVZlbJsKnks4yML21aFN0AsFC","saw-whet","16458","Cherry Bars",5
"u_1oKVZlbJsKnks4yML21aFN0AsFC","saw-whet","33743","Tennessee Peach Pudding",5
"u_1oKVZlbJsKnks4yML21aFN0AsFC","saw-whet","2912","Zucchini Pizza Casserole",5
"u_1oKVZlgwPbb4xAJfv7aJ5rVDToV","Psalm127-3","3683","Caramel Heavenlies",4.64861764391042
"u_1oKVZlgwPbb4xAJfv7aJ5rVDToV","Psalm127-3","1063","Frosted Banana Bars",3.29946275956952
"u_1oKVZlgwPbb4xAJfv7aJ5rVDToV","Psalm127-3","3058","Winning Apple Crisp",2.88432651260206
"u_1oKVZlgwPbb4xAJfv7aJ5rVDToV","Psalm127-3","414","Lemon Blueberry Bread",2.8385744205263
"u_1oKVZlgwPbb4xAJfv7aJ5rVDToV","Psalm127-3","18345","Simple Au Gratin Potatoes",2.76727137975184
"u_1oKVZlqtik5GdyvxcpjrBeLXcAj","contrarywife","8431","Rhubarb Custard Bars",5
"u_1oKVZlqtik5GdyvxcpjrBeLXcAj","contrarywife","17826","Amish Breakfast Casserole",5
"u_1oKVZlqtik5GdyvxcpjrBeLXcAj","contrarywife","7708","Basic Banana Muffins",5
"u_1oKVZlqtik5GdyvxcpjrBeLXcAj","contrarywife","1196","Pumpkin Bread",5
"u_1oKVZlqtik5GdyvxcpjrBeLXcAj","contrarywife","2872","Stuffed Pepper Soup",5
"u_1oKVZm06HuAJvEWFCoYwuCc19vS","l2bake","14600","Buttery Cornbread",5
"u_1oKVZm06HuAJvEWFCoYwuCc19vS","l2bake","100276","Grilled Huli Huli Chicken",5
"u_1oKVZm06HuAJvEWFCoYwuCc19vS","l2bake","41101","Rustic Italian Tortellini Soup",5
"u_1oKVZm06HuAJvEWFCoYwuCc19vS","l2bake","11767","Quick Cream of Mushroom Soup",5
"u_1oKVZm06HuAJvEWFCoYwuCc19vS","l2bake","18341","Bacon Macaroni Salad",5
"u_1oKVZm5d8Npa5RlveMvKKkQPaMO","homemadewithlove","11767","Quick Cream of Mushroom Soup",5
"u_1oKVZm5d8Npa5RlveMvKKkQPaMO","homemadewithlove","17310","Seafood Lasagna",5
"u_1oKVZm5d8Npa5RlveMvKKkQPaMO","homemadewithlove","45495","Gluten-Free Banana Bread",5
"u_1oKVZm5d8Npa5RlveMvKKkQPaMO","homemadewithlove","2872","Stuffed Pepper Soup",4.92075435869577
"u_1oKVZm5d8Npa5RlveMvKKkQPaMO","homemadewithlove","7539","Fluffy Pancakes",4.90586701102219
"u_1oKVZmYPulmUFbvGiBA8U3uRR6D","justmbeth","42386","Pumpkin Spice Cupcakes with Cream Cheese Frosting",5
"u_1oKVZmYPulmUFbvGiBA8U3uRR6D","justmbeth","27626","Skillet Shepherd’s Pie",5
"u_1oKVZmYPulmUFbvGiBA8U3uRR6D","justmbeth","7708","Basic Banana Muffins",5
"u_1oKVZmYPulmUFbvGiBA8U3uRR6D","justmbeth","32480","Basic Homemade Bread",5
"u_1oKVZmYPulmUFbvGiBA8U3uRR6D","justmbeth","11588","Slow-Cooker Lasagna",5
"u_1oKVZmwriM0KG2XqP8kbU6HI0zG","carolynstowers","38183","Baked Tilapia",5
"u_1oKVZmwriM0KG2XqP8kbU6HI0zG","carolynstowers","41095","Contest-Winning New England Clam Chowder",5
"u_1oKVZmwriM0KG2XqP8kbU6HI0zG","carolynstowers","24886","Chicken and Dumplings",5
"u_1oKVZmwriM0KG2XqP8kbU6HI0zG","carolynstowers","8431","Rhubarb Custard Bars",5
"u_1oKVZmwriM0KG2XqP8kbU6HI0zG","carolynstowers","39334","Chicken Penne Casserole",5
"u_1oKVZoIOMWJ2j7TA7py2BIbf1mm","mjlouk","33457","Chunky Apple Cake",4.90009702322874
"u_1oKVZoIOMWJ2j7TA7py2BIbf1mm","mjlouk","8015","Easy Peanut Butter Fudge",4.85402325735449
"u_1oKVZoIOMWJ2j7TA7py2BIbf1mm","mjlouk","31278","Corn Pudding",4.83641465845091
"u_1oKVZoIOMWJ2j7TA7py2BIbf1mm","mjlouk","38550","Special Banana Nut Bread",4.8130396660299
"u_1oKVZoIOMWJ2j7TA7py2BIbf1mm","mjlouk","11588","Slow-Cooker Lasagna",4.81078118935607
"u_1oKVZoToVmKg9kqZJaYvVAhSJye","rena 55","41384","Black Bean ‘n’ Pumpkin Chili",5
"u_1oKVZoToVmKg9kqZJaYvVAhSJye","rena 55","38183","Baked Tilapia",5
"u_1oKVZoToVmKg9kqZJaYvVAhSJye","rena 55","11330","Twice-Baked Potato Casserole",5
"u_1oKVZoToVmKg9kqZJaYvVAhSJye","rena 55","74724","Chocolate Guinness Cake",5
"u_1oKVZoToVmKg9kqZJaYvVAhSJye","rena 55","36217","Creamy Macaroni and Cheese",5
"u_1oKVZouKxf9kEgBI2iNLhgLJaQW","NanZim","32480","Basic Homemade Bread",5
"u_1oKVZouKxf9kEgBI2iNLhgLJaQW","NanZim","26937","Pineapple Pudding Cake",5
"u_1oKVZouKxf9kEgBI2iNLhgLJaQW","NanZim","14600","Buttery Cornbread",5
"u_1oKVZouKxf9kEgBI2iNLhgLJaQW","NanZim","46655","Chocolate-Strawberry Celebration Cake",5
"u_1oKVZouKxf9kEgBI2iNLhgLJaQW","NanZim","6504","Mom’s Meat Loaf",5
"u_1oKVZpdzBp5PQHOM4PGQOZo1ujc","meaganteal","100276","Grilled Huli Huli Chicken",5
"u_1oKVZpdzBp5PQHOM4PGQOZo1ujc","meaganteal","14299","Creamy White Chili",5
"u_1oKVZpdzBp5PQHOM4PGQOZo1ujc","meaganteal","12540","Flavorful Chicken Fajitas",5
"u_1oKVZpdzBp5PQHOM4PGQOZo1ujc","meaganteal","31278","Corn Pudding",5
"u_1oKVZpdzBp5PQHOM4PGQOZo1ujc","meaganteal","39334","Chicken Penne Casserole",5
"u_1oKVZq0tGK7kyYh5lp0OIz0R5lr","lmmanda","16458","Cherry Bars",5
"u_1oKVZq0tGK7kyYh5lp0OIz0R5lr","lmmanda","12700","Big Soft Ginger Cookies",5
"u_1oKVZq0tGK7kyYh5lp0OIz0R5lr","lmmanda","9735","Comforting Chicken Noodle Soup",5
"u_1oKVZq0tGK7kyYh5lp0OIz0R5lr","lmmanda","18341","Bacon Macaroni Salad",5
"u_1oKVZq0tGK7kyYh5lp0OIz0R5lr","lmmanda","2832","Cheeseburger Soup",5
"u_1oKVZq3XZc7rlFFpMKTJiO6avza","DWare5883","9735","Comforting Chicken Noodle Soup",5
"u_1oKVZq3XZc7rlFFpMKTJiO6avza","DWare5883","11588","Slow-Cooker Lasagna",5
"u_1oKVZq3XZc7rlFFpMKTJiO6avza","DWare5883","39334","Chicken Penne Casserole",5
"u_1oKVZq3XZc7rlFFpMKTJiO6avza","DWare5883","41101","Rustic Italian Tortellini Soup",5
"u_1oKVZq3XZc7rlFFpMKTJiO6avza","DWare5883","11767","Quick Cream of Mushroom Soup",5
"u_1oKVZq6jGTHyihxoH2RVdJkhrnL","Loiscooks","386","Hot Milk Cake",5
"u_1oKVZq6jGTHyihxoH2RVdJkhrnL","Loiscooks","16579","Chicken Wild Rice Soup",5
"u_1oKVZq6jGTHyihxoH2RVdJkhrnL","Loiscooks","36217","Creamy Macaroni and Cheese",5
"u_1oKVZq6jGTHyihxoH2RVdJkhrnL","Loiscooks","82745","Mamaw Emily’s Strawberry Cake",5
"u_1oKVZq6jGTHyihxoH2RVdJkhrnL","Loiscooks","1821","Blueberry French Toast",5
"u_1oKVZrio6gkgxWk5Rf9YriPLADZ","Appy_Girl","27675","Peanut Butter Cup Cheesecake",5
"u_1oKVZrio6gkgxWk5Rf9YriPLADZ","Appy_Girl","386","Hot Milk Cake",5
"u_1oKVZrio6gkgxWk5Rf9YriPLADZ","Appy_Girl","2912","Zucchini Pizza Casserole",5
"u_1oKVZrio6gkgxWk5Rf9YriPLADZ","Appy_Girl","17826","Amish Breakfast Casserole",5
"u_1oKVZrio6gkgxWk5Rf9YriPLADZ","Appy_Girl","1196","Pumpkin Bread",5
"u_1oKVZrsL1wk4KPtOJ5My718YJcV","KristineChayes","17826","Amish Breakfast Casserole",5
"u_1oKVZrsL1wk4KPtOJ5My718YJcV","KristineChayes","42386","Pumpkin Spice Cupcakes with Cream Cheese Frosting",5
"u_1oKVZrsL1wk4KPtOJ5My718YJcV","KristineChayes","41101","Rustic Italian Tortellini Soup",5
"u_1oKVZrsL1wk4KPtOJ5My718YJcV","KristineChayes","957","Sandy’s Chocolate Cake",5
"u_1oKVZrsL1wk4KPtOJ5My718YJcV","KristineChayes","23222","Baked Mushroom Chicken",5
"u_1oKVZsc5N0Y7ltHsKAfmNihfU08","jetluvs2cook","28058","Shrimp Scampi",5
"u_1oKVZsc5N0Y7ltHsKAfmNihfU08","jetluvs2cook","16579","Chicken Wild Rice Soup",5
"u_1oKVZsc5N0Y7ltHsKAfmNihfU08","jetluvs2cook","14600","Buttery Cornbread",5
"u_1oKVZsc5N0Y7ltHsKAfmNihfU08","jetluvs2cook","46655","Chocolate-Strawberry Celebration Cake",5
"u_1oKVZsc5N0Y7ltHsKAfmNihfU08","jetluvs2cook","18274","Ravioli Lasagna",5
"u_1oKVZskcWCF2NqqbEvMCAEXAZIG","JillAndLea","1081","Baked Spaghetti",5
"u_1oKVZskcWCF2NqqbEvMCAEXAZIG","JillAndLea","17826","Amish Breakfast Casserole",5
"u_1oKVZskcWCF2NqqbEvMCAEXAZIG","JillAndLea","42386","Pumpkin Spice Cupcakes with Cream Cheese Frosting",5
"u_1oKVZskcWCF2NqqbEvMCAEXAZIG","JillAndLea","28058","Shrimp Scampi",5
"u_1oKVZskcWCF2NqqbEvMCAEXAZIG","JillAndLea","16579","Chicken Wild Rice Soup",5
"u_1oKVZtNaDTX6quIM5AQfn79uJpz","lurky27","12700","Big Soft Ginger Cookies",5
"u_1oKVZtNaDTX6quIM5AQfn79uJpz","lurky27","28058","Shrimp Scampi",5
"u_1oKVZtNaDTX6quIM5AQfn79uJpz","lurky27","9735","Comforting Chicken Noodle Soup",5
"u_1oKVZtNaDTX6quIM5AQfn79uJpz","lurky27","36450","Fluffy Key Lime Pie",5
"u_1oKVZtNaDTX6quIM5AQfn79uJpz","lurky27","27434","Asian Chicken Thighs",5
"u_1oKVZtSdpfy5KrVbAXHeHU0QI4v","shecooksalot","43675","Macaroni Coleslaw",5
"u_1oKVZtSdpfy5KrVbAXHeHU0QI4v","shecooksalot","7708","Basic Banana Muffins",5
"u_1oKVZtSdpfy5KrVbAXHeHU0QI4v","shecooksalot","7752","Chocolate Caramel Candy",5
"u_1oKVZtSdpfy5KrVbAXHeHU0QI4v","shecooksalot","9010","Favorite Dutch Apple Pie",5
"u_1oKVZtSdpfy5KrVbAXHeHU0QI4v","shecooksalot","21444","Favorite Chicken Potpie",5
"u_1oKVZtjpAd6NHkGeOEGAxusDfKE","mkaskela","32264","Easy Chicken Enchiladas",5
"u_1oKVZtjpAd6NHkGeOEGAxusDfKE","mkaskela","15805","Bruschetta Chicken",5
"u_1oKVZtjpAd6NHkGeOEGAxusDfKE","mkaskela","39549","Forgotten Jambalaya",5
"u_1oKVZtjpAd6NHkGeOEGAxusDfKE","mkaskela","36217","Creamy Macaroni and Cheese",5
"u_1oKVZtjpAd6NHkGeOEGAxusDfKE","mkaskela","33457","Chunky Apple Cake",5
"u_1oKVZtw5YkzvxHnWY47AALJJRN1","Gramma Amy","43675","Macaroni Coleslaw",5
"u_1oKVZtw5YkzvxHnWY47AALJJRN1","Gramma Amy","33206","Pineapple Orange Cake",5
"u_1oKVZtw5YkzvxHnWY47AALJJRN1","Gramma Amy","42873","Teriyaki Chicken Thighs",5
"u_1oKVZtw5YkzvxHnWY47AALJJRN1","Gramma Amy","2912","Zucchini Pizza Casserole",5
"u_1oKVZtw5YkzvxHnWY47AALJJRN1","Gramma Amy","18341","Bacon Macaroni Salad",5
"u_1oKVZuqBVMf8IBAX9Lp2wMHJFOL","tommypoo","957","Sandy’s Chocolate Cake",5
"u_1oKVZuqBVMf8IBAX9Lp2wMHJFOL","tommypoo","23222","Baked Mushroom Chicken",5
"u_1oKVZuqBVMf8IBAX9Lp2wMHJFOL","tommypoo","386","Hot Milk Cake",5
"u_1oKVZuqBVMf8IBAX9Lp2wMHJFOL","tommypoo","27626","Skillet Shepherd’s Pie",5
"u_1oKVZuqBVMf8IBAX9Lp2wMHJFOL","tommypoo","7708","Basic Banana Muffins",5
"u_1oKVZv53OoxaUD2jE14MmsDU0KQ","s_pants","191775","Egg Roll Noodle Bowl",5
"u_1oKVZv53OoxaUD2jE14MmsDU0KQ","s_pants","42386","Pumpkin Spice Cupcakes with Cream Cheese Frosting",5
"u_1oKVZv53OoxaUD2jE14MmsDU0KQ","s_pants","11767","Quick Cream of Mushroom Soup",5
"u_1oKVZv53OoxaUD2jE14MmsDU0KQ","s_pants","141947","Ham and Swiss Sliders",5
"u_1oKVZv53OoxaUD2jE14MmsDU0KQ","s_pants","82745","Mamaw Emily’s Strawberry Cake",5
"u_1oKVZvIFnVLOdDi0G2Umj0dp5NA","Grammy Debbie","17310","Seafood Lasagna",5
"u_1oKVZvIFnVLOdDi0G2Umj0dp5NA","Grammy Debbie","12700","Big Soft Ginger Cookies",5
"u_1oKVZvIFnVLOdDi0G2Umj0dp5NA","Grammy Debbie","9735","Comforting Chicken Noodle Soup",5
"u_1oKVZvIFnVLOdDi0G2Umj0dp5NA","Grammy Debbie","32480","Basic Homemade Bread",5
"u_1oKVZvIFnVLOdDi0G2Umj0dp5NA","Grammy Debbie","7539","Fluffy Pancakes",5
"u_1oKVZvcir01Ja6U1XIczcrh8mbP","_nlfPA","9735","Comforting Chicken Noodle Soup",5
"u_1oKVZvcir01Ja6U1XIczcrh8mbP","_nlfPA","18341","Bacon Macaroni Salad",5
"u_1oKVZvcir01Ja6U1XIczcrh8mbP","_nlfPA","43675","Macaroni Coleslaw",5
"u_1oKVZvcir01Ja6U1XIczcrh8mbP","_nlfPA","1152","Pork Chops with Scalloped Potatoes",5
"u_1oKVZvcir01Ja6U1XIczcrh8mbP","_nlfPA","3309","Best Ever Banana Bread",5
"u_1oKVZvePpcZFKcyGItpwrVG5uuq","parksville","7752","Chocolate Caramel Candy",5
"u_1oKVZvePpcZFKcyGItpwrVG5uuq","parksville","46655","Chocolate-Strawberry Celebration Cake",5
"u_1oKVZvePpcZFKcyGItpwrVG5uuq","parksville","42386","Pumpkin Spice Cupcakes with Cream Cheese Frosting",5
"u_1oKVZvePpcZFKcyGItpwrVG5uuq","parksville","38183","Baked Tilapia",5
"u_1oKVZvePpcZFKcyGItpwrVG5uuq","parksville","11330","Twice-Baked Potato Casserole",5
"u_1oKVZw64NcWNFGjxZOnW3rBaAVY","Kasha","17826","Amish Breakfast Casserole",5
"u_1oKVZw64NcWNFGjxZOnW3rBaAVY","Kasha","32248","Smothered Chicken Breasts",5
"u_1oKVZw64NcWNFGjxZOnW3rBaAVY","Kasha","1081","Baked Spaghetti",5
"u_1oKVZw64NcWNFGjxZOnW3rBaAVY","Kasha","3058","Winning Apple Crisp",5
"u_1oKVZw64NcWNFGjxZOnW3rBaAVY","Kasha","35766","Cheeseburger Paradise Soup",5
"u_1oKVZw7mrwjQMxXSztLnhcVRC0b","bicktasw","8431","Rhubarb Custard Bars",5
"u_1oKVZw7mrwjQMxXSztLnhcVRC0b","bicktasw","11767","Quick Cream of Mushroom Soup",5
"u_1oKVZw7mrwjQMxXSztLnhcVRC0b","bicktasw","957","Sandy’s Chocolate Cake",5
"u_1oKVZw7mrwjQMxXSztLnhcVRC0b","bicktasw","43675","Macaroni Coleslaw",5
"u_1oKVZw7mrwjQMxXSztLnhcVRC0b","bicktasw","141947","Ham and Swiss Sliders",5
"u_1oKVZw9BdEJB0t5N5hVkeydkHkg","sd20","2912","Zucchini Pizza Casserole",5
"u_1oKVZw9BdEJB0t5N5hVkeydkHkg","sd20","10248","Garlic Beef Enchiladas",5
"u_1oKVZw9BdEJB0t5N5hVkeydkHkg","sd20","1324","Porcupine Meatballs",5
"u_1oKVZw9BdEJB0t5N5hVkeydkHkg","sd20","141947","Ham and Swiss Sliders",5
"u_1oKVZw9BdEJB0t5N5hVkeydkHkg","sd20","1821","Blueberry French Toast",5
"u_1oKVZxAOR5BEzyF4H6ENc7jwfUW","angela32","8431","Rhubarb Custard Bars",5
"u_1oKVZxAOR5BEzyF4H6ENc7jwfUW","angela32","42386","Pumpkin Spice Cupcakes with Cream Cheese Frosting",5
"u_1oKVZxAOR5BEzyF4H6ENc7jwfUW","angela32","11767","Quick Cream of Mushroom Soup",5
"u_1oKVZxAOR5BEzyF4H6ENc7jwfUW","angela32","36450","Fluffy Key Lime Pie",5
"u_1oKVZxAOR5BEzyF4H6ENc7jwfUW","angela32","27434","Asian Chicken Thighs",5
"u_1oKVZxNyweYeP3lQTMS89TQLWg3","spiker1","39334","Chicken Penne Casserole",5
"u_1oKVZxNyweYeP3lQTMS89TQLWg3","spiker1","100276","Grilled Huli Huli Chicken",5
"u_1oKVZxNyweYeP3lQTMS89TQLWg3","spiker1","11767","Quick Cream of Mushroom Soup",5
"u_1oKVZxNyweYeP3lQTMS89TQLWg3","spiker1","28058","Shrimp Scampi",5
"u_1oKVZxNyweYeP3lQTMS89TQLWg3","spiker1","9735","Comforting Chicken Noodle Soup",5
"u_1oKVZxoUMG63M49Uw51JVZDztTg","LBurkey","3683","Caramel Heavenlies",5
"u_1oKVZxoUMG63M49Uw51JVZDztTg","LBurkey","24886","Chicken and Dumplings",4.94598479279641
"u_1oKVZxoUMG63M49Uw51JVZDztTg","LBurkey","42873","Teriyaki Chicken Thighs",4.89311679236723
"u_1oKVZxoUMG63M49Uw51JVZDztTg","LBurkey","6504","Mom’s Meat Loaf",4.88389279055449
"u_1oKVZxoUMG63M49Uw51JVZDztTg","LBurkey","36450","Fluffy Key Lime Pie",4.87328420842127
"u_1oKVZxvqhgInO8WHSN1ysf4eOPN","LeslieH","4383","First-Place Coconut Macaroons",5
"u_1oKVZxvqhgInO8WHSN1ysf4eOPN","LeslieH","33206","Pineapple Orange Cake",5
"u_1oKVZxvqhgInO8WHSN1ysf4eOPN","LeslieH","46655","Chocolate-Strawberry Celebration Cake",4.98598278045635
"u_1oKVZxvqhgInO8WHSN1ysf4eOPN","LeslieH","42386","Pumpkin Spice Cupcakes with Cream Cheese Frosting",4.95173170073957
"u_1oKVZxvqhgInO8WHSN1ysf4eOPN","LeslieH","12347","Creamy Coleslaw",4.93660833319704
"u_1oKVZzhQe2T1Ff5kFXACK2mhXml","ebramkamp","39581","Homemade Peanut Butter Cups",5
"u_1oKVZzhQe2T1Ff5kFXACK2mhXml","ebramkamp","12734","Cheesy Ham Chowder",5
"u_1oKVZzhQe2T1Ff5kFXACK2mhXml","ebramkamp","41101","Rustic Italian Tortellini Soup",5
"u_1oKVZzhQe2T1Ff5kFXACK2mhXml","ebramkamp","1196","Pumpkin Bread",5
"u_1oKVZzhQe2T1Ff5kFXACK2mhXml","ebramkamp","19731","Cauliflower Soup",5
"u_1oKVZzipo1u8lcqQzDUcw4UBn9e","2124arizona","18341","Bacon Macaroni Salad",5
"u_1oKVZzipo1u8lcqQzDUcw4UBn9e","2124arizona","38183","Baked Tilapia",5
"u_1oKVZzipo1u8lcqQzDUcw4UBn9e","2124arizona","6086","Apple Pie",5
"u_1oKVZzipo1u8lcqQzDUcw4UBn9e","2124arizona","74724","Chocolate Guinness Cake",5
"u_1oKVZzipo1u8lcqQzDUcw4UBn9e","2124arizona","39581","Homemade Peanut Butter Cups",5
"u_1oKVZzjdLKoHGr7ebNDgThVscqd","luigimon","3309","Best Ever Banana Bread",5
"u_1oKVZzjdLKoHGr7ebNDgThVscqd","luigimon","1063","Frosted Banana Bars",5
"u_1oKVZzjdLKoHGr7ebNDgThVscqd","luigimon","41095","Contest-Winning New England Clam Chowder",5
"u_1oKVZzjdLKoHGr7ebNDgThVscqd","luigimon","28058","Shrimp Scampi",5
"u_1oKVZzjdLKoHGr7ebNDgThVscqd","luigimon","32480","Basic Homemade Bread",5
"u_1oKVa0hThBjc7ljLGxKqdbodLiC","khegeman","17310","Seafood Lasagna",5
"u_1oKVa0hThBjc7ljLGxKqdbodLiC","khegeman","17826","Amish Breakfast Casserole",5
"u_1oKVa0hThBjc7ljLGxKqdbodLiC","khegeman","12347","Creamy Coleslaw",5
"u_1oKVa0hThBjc7ljLGxKqdbodLiC","khegeman","26937","Pineapple Pudding Cake",5
"u_1oKVa0hThBjc7ljLGxKqdbodLiC","khegeman","36217","Creamy Macaroni and Cheese",5
"u_1oKVa1kV4MQcOlLwT37VNE3WK7G","manga","141947","Ham and Swiss Sliders",4.84629646277585
"u_1oKVa1kV4MQcOlLwT37VNE3WK7G","manga","34347","Lime Chicken Tacos",4.83320775296801
"u_1oKVa1kV4MQcOlLwT37VNE3WK7G","manga","27696","Flavorful Pot Roast",4.81523122729021
"u_1oKVa1kV4MQcOlLwT37VNE3WK7G","manga","12734","Cheesy Ham Chowder",4.77920088955872
"u_1oKVa1kV4MQcOlLwT37VNE3WK7G","manga","2832","Cheeseburger Soup",4.77748136647273
"u_1oKVa1vU0P0wtIMwn8FBys0ptHj","gunslinger","10252","Li’l Cheddar Meat Loaves",5
"u_1oKVa1vU0P0wtIMwn8FBys0ptHj","gunslinger","8431","Rhubarb Custard Bars",5
"u_1oKVa1vU0P0wtIMwn8FBys0ptHj","gunslinger","12700","Big Soft Ginger Cookies",5
"u_1oKVa1vU0P0wtIMwn8FBys0ptHj","gunslinger","1152","Pork Chops with Scalloped Potatoes",5
"u_1oKVa1vU0P0wtIMwn8FBys0ptHj","gunslinger","32480","Basic Homemade Bread",5
"u_1oKVa2JLGywqMhph6wvQOMKzSTR","Queenlalisa","12700","Big Soft Ginger Cookies",5
"u_1oKVa2JLGywqMhph6wvQOMKzSTR","Queenlalisa","42386","Pumpkin Spice Cupcakes with Cream Cheese Frosting",5
"u_1oKVa2JLGywqMhph6wvQOMKzSTR","Queenlalisa","11767","Quick Cream of Mushroom Soup",5
"u_1oKVa2JLGywqMhph6wvQOMKzSTR","Queenlalisa","1196","Pumpkin Bread",5
"u_1oKVa2JLGywqMhph6wvQOMKzSTR","Queenlalisa","32248","Smothered Chicken Breasts",5
"u_1oKVa2fPtT5nLm5ML0xYxnDMI1T","johnsen","32535","Creamy Grape Salad",5
"u_1oKVa2fPtT5nLm5ML0xYxnDMI1T","johnsen","10252","Li’l Cheddar Meat Loaves",5
"u_1oKVa2fPtT5nLm5ML0xYxnDMI1T","johnsen","1152","Pork Chops with Scalloped Potatoes",5
"u_1oKVa2fPtT5nLm5ML0xYxnDMI1T","johnsen","3309","Best Ever Banana Bread",5
"u_1oKVa2fPtT5nLm5ML0xYxnDMI1T","johnsen","141947","Ham and Swiss Sliders",5
"u_1oKVa3dm9k4sQJZuEACIlelurOi","krucook","1152","Pork Chops with Scalloped Potatoes",5
"u_1oKVa3dm9k4sQJZuEACIlelurOi","krucook","1063","Frosted Banana Bars",5
"u_1oKVa3dm9k4sQJZuEACIlelurOi","krucook","39334","Chicken Penne Casserole",5
"u_1oKVa3dm9k4sQJZuEACIlelurOi","krucook","28058","Shrimp Scampi",5
"u_1oKVa3dm9k4sQJZuEACIlelurOi","krucook","957","Sandy’s Chocolate Cake",5
"u_1oKVa4ATHrPZTPOVlxmC5Po5Frt","Sprowl","32480","Basic Homemade Bread",5
"u_1oKVa4ATHrPZTPOVlxmC5Po5Frt","Sprowl","18341","Bacon Macaroni Salad",5
"u_1oKVa4ATHrPZTPOVlxmC5Po5Frt","Sprowl","27696","Flavorful Pot Roast",5
"u_1oKVa4ATHrPZTPOVlxmC5Po5Frt","Sprowl","39334","Chicken Penne Casserole",5
"u_1oKVa4ATHrPZTPOVlxmC5Po5Frt","Sprowl","15805","Bruschetta Chicken",5
"u_1oKVa4FRbXOpXUvsOeyfhia7y1N","paul3303","2912","Zucchini Pizza Casserole",5
"u_1oKVa4FRbXOpXUvsOeyfhia7y1N","paul3303","141947","Ham and Swiss Sliders",5
"u_1oKVa4FRbXOpXUvsOeyfhia7y1N","paul3303","39581","Homemade Peanut Butter Cups",5
"u_1oKVa4FRbXOpXUvsOeyfhia7y1N","paul3303","9739","Best Ever Potato Soup",5
"u_1oKVa4FRbXOpXUvsOeyfhia7y1N","paul3303","33206","Pineapple Orange Cake",5
"u_1oKVa4my2LXJ25e5Bd6sxZC37xq","wasoongu","8015","Easy Peanut Butter Fudge",5
"u_1oKVa4my2LXJ25e5Bd6sxZC37xq","wasoongu","1196","Pumpkin Bread",5
"u_1oKVa4my2LXJ25e5Bd6sxZC37xq","wasoongu","3683","Caramel Heavenlies",5
"u_1oKVa4my2LXJ25e5Bd6sxZC37xq","wasoongu","33457","Chunky Apple Cake",5
"u_1oKVa4my2LXJ25e5Bd6sxZC37xq","wasoongu","386","Hot Milk Cake",5
"u_1oKVa5FSx8thvFfGGM6whXv482h","delowenstein","23222","Baked Mushroom Chicken",5
"u_1oKVa5FSx8thvFfGGM6whXv482h","delowenstein","8431","Rhubarb Custard Bars",5
"u_1oKVa5FSx8thvFfGGM6whXv482h","delowenstein","43675","Macaroni Coleslaw",5
"u_1oKVa5FSx8thvFfGGM6whXv482h","delowenstein","32264","Easy Chicken Enchiladas",5
"u_1oKVa5FSx8thvFfGGM6whXv482h","delowenstein","11588","Slow-Cooker Lasagna",5
"u_1oKVa5Jp2jnBvdroQIjCdFJTlja","pajamaangel","32480","Basic Homemade Bread",5
"u_1oKVa5Jp2jnBvdroQIjCdFJTlja","pajamaangel","4383","First-Place Coconut Macaroons",5
"u_1oKVa5Jp2jnBvdroQIjCdFJTlja","pajamaangel","21444","Favorite Chicken Potpie",4.96050181327466
"u_1oKVa5Jp2jnBvdroQIjCdFJTlja","pajamaangel","3290","Brown Sugar Oatmeal Pancakes",4.94702087921817
"u_1oKVa5Jp2jnBvdroQIjCdFJTlja","pajamaangel","42386","Pumpkin Spice Cupcakes with Cream Cheese Frosting",4.88393666241584
"u_1oKVa5NLV1egNywZ8ZgDzjY2RD7","Medic 716","31278","Corn Pudding",5
"u_1oKVa5NLV1egNywZ8ZgDzjY2RD7","Medic 716","4444","Strawberry Pretzel Salad",5
"u_1oKVa5NLV1egNywZ8ZgDzjY2RD7","Medic 716","12734","Cheesy Ham Chowder",5
"u_1oKVa5NLV1egNywZ8ZgDzjY2RD7","Medic 716","42386","Pumpkin Spice Cupcakes with Cream Cheese Frosting",5
"u_1oKVa5NLV1egNywZ8ZgDzjY2RD7","Medic 716","11767","Quick Cream of Mushroom Soup",5
"u_1oKVa5hOY7MtyvqQ30BTNf3M7IM","angelasandoval","32264","Easy Chicken Enchiladas",5
"u_1oKVa5hOY7MtyvqQ30BTNf3M7IM","angelasandoval","38183","Baked Tilapia",5
"u_1oKVa5hOY7MtyvqQ30BTNf3M7IM","angelasandoval","1081","Baked Spaghetti",5
"u_1oKVa5hOY7MtyvqQ30BTNf3M7IM","angelasandoval","39581","Homemade Peanut Butter Cups",5
"u_1oKVa5hOY7MtyvqQ30BTNf3M7IM","angelasandoval","1324","Porcupine Meatballs",5
"u_1oKVa6fb9ZNJkSaFRDQhulUPwsA","leslie1966","17022","Vegetarian Linguine",5
"u_1oKVa6fb9ZNJkSaFRDQhulUPwsA","leslie1966","32480","Basic Homemade Bread",4.95172397291591
"u_1oKVa6fb9ZNJkSaFRDQhulUPwsA","leslie1966","18341","Bacon Macaroni Salad",4.93929363126694
"u_1oKVa6fb9ZNJkSaFRDQhulUPwsA","leslie1966","42873","Teriyaki Chicken Thighs",4.9392767363047
"u_1oKVa6fb9ZNJkSaFRDQhulUPwsA","leslie1966","24886","Chicken and Dumplings",4.93780129107341
"u_1oKVa7PQ46eJ5al98w2pqcx6Do3","bjsilve0","11588","Slow-Cooker Lasagna",5
"u_1oKVa7PQ46eJ5al98w2pqcx6Do3","bjsilve0","12540","Flavorful Chicken Fajitas",4.91847925396126
"u_1oKVa7PQ46eJ5al98w2pqcx6Do3","bjsilve0","11330","Twice-Baked Potato Casserole",4.9018981219863
"u_1oKVa7PQ46eJ5al98w2pqcx6Do3","bjsilve0","36450","Fluffy Key Lime Pie",4.84580819580449
"u_1oKVa7PQ46eJ5al98w2pqcx6Do3","bjsilve0","19201","Peanut Butter Chocolate Dessert",4.82471435446778
"u_1oKVa8KiHWP3PBt7MOJKhXwO6x2","ChrisD1717","386","Hot Milk Cake",5
"u_1oKVa8KiHWP3PBt7MOJKhXwO6x2","ChrisD1717","39334","Chicken Penne Casserole",5
"u_1oKVa8KiHWP3PBt7MOJKhXwO6x2","ChrisD1717","1196","Pumpkin Bread",5
"u_1oKVa8KiHWP3PBt7MOJKhXwO6x2","ChrisD1717","2832","Cheeseburger Soup",5
"u_1oKVa8KiHWP3PBt7MOJKhXwO6x2","ChrisD1717","7752","Chocolate Caramel Candy",5
"u_1oKVa8drJKT1nMPs6MiRlMpNct6","muffbear74","7752","Chocolate Caramel Candy",5
"u_1oKVa8drJKT1nMPs6MiRlMpNct6","muffbear74","3290","Brown Sugar Oatmeal Pancakes",4.82625976664017
"u_1oKVa8drJKT1nMPs6MiRlMpNct6","muffbear74","38183","Baked Tilapia",4.78905434466365
"u_1oKVa8drJKT1nMPs6MiRlMpNct6","muffbear74","74724","Chocolate Guinness Cake",4.78737998198351
"u_1oKVa8drJKT1nMPs6MiRlMpNct6","muffbear74","1152","Pork Chops with Scalloped Potatoes",4.78279886502467
"u_1oKVaB6ZQlqTQ4BbPF44G6vIKUI","hotfudgesundae","1063","Frosted Banana Bars",5
"u_1oKVaB6ZQlqTQ4BbPF44G6vIKUI","hotfudgesundae","27675","Peanut Butter Cup Cheesecake",5
"u_1oKVaB6ZQlqTQ4BbPF44G6vIKUI","hotfudgesundae","386","Hot Milk Cake",5
"u_1oKVaB6ZQlqTQ4BbPF44G6vIKUI","hotfudgesundae","8431","Rhubarb Custard Bars",5
"u_1oKVaB6ZQlqTQ4BbPF44G6vIKUI","hotfudgesundae","27626","Skillet Shepherd’s Pie",5
"u_1oKVaBmiEKwAFyiHrDLoWpbel0J","misscoffeepot","3290","Brown Sugar Oatmeal Pancakes",5
"u_1oKVaBmiEKwAFyiHrDLoWpbel0J","misscoffeepot","8202","Simple Taco Soup",5
"u_1oKVaBmiEKwAFyiHrDLoWpbel0J","misscoffeepot","2912","Zucchini Pizza Casserole",5
"u_1oKVaBmiEKwAFyiHrDLoWpbel0J","misscoffeepot","32480","Basic Homemade Bread",5
"u_1oKVaBmiEKwAFyiHrDLoWpbel0J","misscoffeepot","2872","Stuffed Pepper Soup",5
"u_1oKVaBrjqaji1sAZvZT8bQa9RG0","cbachtel","15805","Bruschetta Chicken",5
"u_1oKVaBrjqaji1sAZvZT8bQa9RG0","cbachtel","39334","Chicken Penne Casserole",5
"u_1oKVaBrjqaji1sAZvZT8bQa9RG0","cbachtel","12700","Big Soft Ginger Cookies",5
"u_1oKVaBrjqaji1sAZvZT8bQa9RG0","cbachtel","18341","Bacon Macaroni Salad",5
"u_1oKVaBrjqaji1sAZvZT8bQa9RG0","cbachtel","1152","Pork Chops with Scalloped Potatoes",5
"u_1oKVaDyOmY3BV0mLIx93xFCQ4pX","DebbieT","28058","Shrimp Scampi",5
"u_1oKVaDyOmY3BV0mLIx93xFCQ4pX","DebbieT","16579","Chicken Wild Rice Soup",5
"u_1oKVaDyOmY3BV0mLIx93xFCQ4pX","DebbieT","17310","Seafood Lasagna",5
"u_1oKVaDyOmY3BV0mLIx93xFCQ4pX","DebbieT","4383","First-Place Coconut Macaroons",5
"u_1oKVaDyOmY3BV0mLIx93xFCQ4pX","DebbieT","46655","Chocolate-Strawberry Celebration Cake",5
"u_1oKVaEfH2JKU7oUNuZb9q2hMf0H","robbrd","17826","Amish Breakfast Casserole",5
"u_1oKVaEfH2JKU7oUNuZb9q2hMf0H","robbrd","82745","Mamaw Emily’s Strawberry Cake",5
"u_1oKVaEfH2JKU7oUNuZb9q2hMf0H","robbrd","15805","Bruschetta Chicken",5
"u_1oKVaEfH2JKU7oUNuZb9q2hMf0H","robbrd","35766","Cheeseburger Paradise Soup",5
"u_1oKVaEfH2JKU7oUNuZb9q2hMf0H","robbrd","36217","Creamy Macaroni and Cheese",5
"u_1oKVaHCYOV7yGNq91U2fTBqtBPI","Grandmaj2u","17826","Amish Breakfast Casserole",4.43434570942691
"u_1oKVaHCYOV7yGNq91U2fTBqtBPI","Grandmaj2u","3058","Winning Apple Crisp",4.42534773970375
"u_1oKVaHCYOV7yGNq91U2fTBqtBPI","Grandmaj2u","957","Sandy’s Chocolate Cake",4.36031391968333
"u_1oKVaHCYOV7yGNq91U2fTBqtBPI","Grandmaj2u","1324","Porcupine Meatballs",4.35901799325223
"u_1oKVaHCYOV7yGNq91U2fTBqtBPI","Grandmaj2u","27434","Asian Chicken Thighs",4.35201944532256
"u_1oKVaI9OOe32ErgAhWXd1ZKuaN2","mamaknowsbest","10248","Garlic Beef Enchiladas",5
"u_1oKVaI9OOe32ErgAhWXd1ZKuaN2","mamaknowsbest","39334","Chicken Penne Casserole",5
"u_1oKVaI9OOe32ErgAhWXd1ZKuaN2","mamaknowsbest","12700","Big Soft Ginger Cookies",5
"u_1oKVaI9OOe32ErgAhWXd1ZKuaN2","mamaknowsbest","27626","Skillet Shepherd’s Pie",5
"u_1oKVaI9OOe32ErgAhWXd1ZKuaN2","mamaknowsbest","28058","Shrimp Scampi",5
"u_1oKVaIrsWHkFypYnwYxZt7cJSKH","xlsalbums","27675","Peanut Butter Cup Cheesecake",5
"u_1oKVaIrsWHkFypYnwYxZt7cJSKH","xlsalbums","43675","Macaroni Coleslaw",5
"u_1oKVaIrsWHkFypYnwYxZt7cJSKH","xlsalbums","16458","Cherry Bars",5
"u_1oKVaIrsWHkFypYnwYxZt7cJSKH","xlsalbums","26937","Pineapple Pudding Cake",5
"u_1oKVaIrsWHkFypYnwYxZt7cJSKH","xlsalbums","4383","First-Place Coconut Macaroons",5
"u_1oKVaLd2ShgeD1g1YVxMVdQOuzG","PrplMonky5","1324","Porcupine Meatballs",5
"u_1oKVaLd2ShgeD1g1YVxMVdQOuzG","PrplMonky5","35948","Caramel-Pecan Cheesecake Pie",5
"u_1oKVaLd2ShgeD1g1YVxMVdQOuzG","PrplMonky5","3143","Pumpkin Bars",4.97807169306888
"u_1oKVaLd2ShgeD1g1YVxMVdQOuzG","PrplMonky5","32535","Creamy Grape Salad",4.95983712725137
"u_1oKVaLd2ShgeD1g1YVxMVdQOuzG","PrplMonky5","3290","Brown Sugar Oatmeal Pancakes",4.93828626316829
"u_1oKVaM64YH6uHYmdygQgoq2plQs","scotland1","1196","Pumpkin Bread",5
"u_1oKVaM64YH6uHYmdygQgoq2plQs","scotland1","2832","Cheeseburger Soup",5
"u_1oKVaM64YH6uHYmdygQgoq2plQs","scotland1","12003","Traditional Lasagna",5
"u_1oKVaM64YH6uHYmdygQgoq2plQs","scotland1","17310","Seafood Lasagna",5
"u_1oKVaM64YH6uHYmdygQgoq2plQs","scotland1","6504","Mom’s Meat Loaf",5
"u_1oKVaOIZuLsG11MgUDbsALsnx49","astarzynski","386","Hot Milk Cake",5
"u_1oKVaOIZuLsG11MgUDbsALsnx49","astarzynski","2912","Zucchini Pizza Casserole",5
"u_1oKVaOIZuLsG11MgUDbsALsnx49","astarzynski","39334","Chicken Penne Casserole",5
"u_1oKVaOIZuLsG11MgUDbsALsnx49","astarzynski","100276","Grilled Huli Huli Chicken",5
"u_1oKVaOIZuLsG11MgUDbsALsnx49","astarzynski","42386","Pumpkin Spice Cupcakes with Cream Cheese Frosting",5
"u_1oKVaOPYCsTCPrimbiYIBsi4ixC","katlaydee3","33743","Tennessee Peach Pudding",5
"u_1oKVaOPYCsTCPrimbiYIBsi4ixC","katlaydee3","26937","Pineapple Pudding Cake",5
"u_1oKVaOPYCsTCPrimbiYIBsi4ixC","katlaydee3","3683","Caramel Heavenlies",5
"u_1oKVaOPYCsTCPrimbiYIBsi4ixC","katlaydee3","42386","Pumpkin Spice Cupcakes with Cream Cheese Frosting",4.92539075644509
"u_1oKVaOPYCsTCPrimbiYIBsi4ixC","katlaydee3","8015","Easy Peanut Butter Fudge",4.84912677166192
"u_1oKVaS7Wc3UPdxOA9M0V5tyFc3f","shawnba","9735","Comforting Chicken Noodle Soup",5
"u_1oKVaS7Wc3UPdxOA9M0V5tyFc3f","shawnba","9739","Best Ever Potato Soup",5
"u_1oKVaS7Wc3UPdxOA9M0V5tyFc3f","shawnba","2912","Zucchini Pizza Casserole",5
"u_1oKVaS7Wc3UPdxOA9M0V5tyFc3f","shawnba","11767","Quick Cream of Mushroom Soup",5
"u_1oKVaS7Wc3UPdxOA9M0V5tyFc3f","shawnba","27626","Skillet Shepherd’s Pie",5
"u_1oKVaSDjHboOXWt1F16GUjug7gC","allaboutcookies86","42386","Pumpkin Spice Cupcakes with Cream Cheese Frosting",5
"u_1oKVaSDjHboOXWt1F16GUjug7gC","allaboutcookies86","27626","Skillet Shepherd’s Pie",5
"u_1oKVaSDjHboOXWt1F16GUjug7gC","allaboutcookies86","16579","Chicken Wild Rice Soup",5
"u_1oKVaSDjHboOXWt1F16GUjug7gC","allaboutcookies86","19731","Cauliflower Soup",5
"u_1oKVaSDjHboOXWt1F16GUjug7gC","allaboutcookies86","39545","White Bean Chicken Chili",5
"u_1oKVaSOL1PvbnFxB3chEa0aJJC3","7833louis","3058","Winning Apple Crisp",5
"u_1oKVaSOL1PvbnFxB3chEa0aJJC3","7833louis","8431","Rhubarb Custard Bars",5
"u_1oKVaSOL1PvbnFxB3chEa0aJJC3","7833louis","11767","Quick Cream of Mushroom Soup",5
"u_1oKVaSOL1PvbnFxB3chEa0aJJC3","7833louis","32264","Easy Chicken Enchiladas",5
"u_1oKVaSOL1PvbnFxB3chEa0aJJC3","7833louis","7539","Fluffy Pancakes",5
"u_1oKVaTPSHgkIpRiGEFaahLqvK69","ekatiakarpova","16458","Cherry Bars",5
"u_1oKVaTPSHgkIpRiGEFaahLqvK69","ekatiakarpova","17022","Vegetarian Linguine",5
"u_1oKVaTPSHgkIpRiGEFaahLqvK69","ekatiakarpova","17826","Amish Breakfast Casserole",5
"u_1oKVaTPSHgkIpRiGEFaahLqvK69","ekatiakarpova","2872","Stuffed Pepper Soup",5
"u_1oKVaTPSHgkIpRiGEFaahLqvK69","ekatiakarpova","32248","Smothered Chicken Breasts",5
"u_1oKVaUyPsO6nLJyBKLh96wugkPm","MarineMom_texas","28058","Shrimp Scampi",5
"u_1oKVaUyPsO6nLJyBKLh96wugkPm","MarineMom_texas","9735","Comforting Chicken Noodle Soup",5
"u_1oKVaUyPsO6nLJyBKLh96wugkPm","MarineMom_texas","18341","Bacon Macaroni Salad",5
"u_1oKVaUyPsO6nLJyBKLh96wugkPm","MarineMom_texas","43675","Macaroni Coleslaw",5
"u_1oKVaUyPsO6nLJyBKLh96wugkPm","MarineMom_texas","1152","Pork Chops with Scalloped Potatoes",5
"u_1oKVaX9638PMHxPqv1BapCBDhaV","Igraine32","33206","Pineapple Orange Cake",5
"u_1oKVaX9638PMHxPqv1BapCBDhaV","Igraine32","33457","Chunky Apple Cake",5
"u_1oKVaX9638PMHxPqv1BapCBDhaV","Igraine32","1324","Porcupine Meatballs",5
"u_1oKVaX9638PMHxPqv1BapCBDhaV","Igraine32","27675","Peanut Butter Cup Cheesecake",5
"u_1oKVaX9638PMHxPqv1BapCBDhaV","Igraine32","2832","Cheeseburger Soup",4.99378947684381
"u_1oKVaXUaGSbQTpOnHc1sxIi557Z","cindihartline","33743","Tennessee Peach Pudding",5
"u_1oKVaXUaGSbQTpOnHc1sxIi557Z","cindihartline","386","Hot Milk Cake",5
"u_1oKVaXUaGSbQTpOnHc1sxIi557Z","cindihartline","27626","Skillet Shepherd’s Pie",5
"u_1oKVaXUaGSbQTpOnHc1sxIi557Z","cindihartline","28058","Shrimp Scampi",5
"u_1oKVaXUaGSbQTpOnHc1sxIi557Z","cindihartline","957","Sandy’s Chocolate Cake",5
"u_1oKVaXcpN0u6QpaTrWEsZp69OSk","annaf27","39549","Forgotten Jambalaya",5
"u_1oKVaXcpN0u6QpaTrWEsZp69OSk","annaf27","7708","Basic Banana Muffins",5
"u_1oKVaXcpN0u6QpaTrWEsZp69OSk","annaf27","43675","Macaroni Coleslaw",5
"u_1oKVaXcpN0u6QpaTrWEsZp69OSk","annaf27","16579","Chicken Wild Rice Soup",5
"u_1oKVaXcpN0u6QpaTrWEsZp69OSk","annaf27","15805","Bruschetta Chicken",5
"u_1oKVaZ46Quo1bIhZqYg2ezh1FOV","Kdorfman","386","Hot Milk Cake",5
"u_1oKVaZ46Quo1bIhZqYg2ezh1FOV","Kdorfman","17826","Amish Breakfast Casserole",5
"u_1oKVaZ46Quo1bIhZqYg2ezh1FOV","Kdorfman","2832","Cheeseburger Soup",5
"u_1oKVaZ46Quo1bIhZqYg2ezh1FOV","Kdorfman","41384","Black Bean ‘n’ Pumpkin Chili",5
"u_1oKVaZ46Quo1bIhZqYg2ezh1FOV","Kdorfman","31278","Corn Pudding",5
"u_1oKVaZNNOozViDDdU3EgnOdlHxt","mom2lauren","17826","Amish Breakfast Casserole",5
"u_1oKVaZNNOozViDDdU3EgnOdlHxt","mom2lauren","1196","Pumpkin Bread",5
"u_1oKVaZNNOozViDDdU3EgnOdlHxt","mom2lauren","43675","Macaroni Coleslaw",5
"u_1oKVaZNNOozViDDdU3EgnOdlHxt","mom2lauren","1152","Pork Chops with Scalloped Potatoes",5
"u_1oKVaZNNOozViDDdU3EgnOdlHxt","mom2lauren","32480","Basic Homemade Bread",5
"u_1oKVaZRjV5snsZRKtuKJMvV5rmj","jillanglemyer","386","Hot Milk Cake",5
"u_1oKVaZRjV5snsZRKtuKJMvV5rmj","jillanglemyer","2912","Zucchini Pizza Casserole",5
"u_1oKVaZRjV5snsZRKtuKJMvV5rmj","jillanglemyer","100276","Grilled Huli Huli Chicken",5
"u_1oKVaZRjV5snsZRKtuKJMvV5rmj","jillanglemyer","12700","Big Soft Ginger Cookies",5
"u_1oKVaZRjV5snsZRKtuKJMvV5rmj","jillanglemyer","18341","Bacon Macaroni Salad",5
"u_1oKVaZxnBcU4S23DnH9FwPblr6c","glitterchatter","11767","Quick Cream of Mushroom Soup",5
"u_1oKVaZxnBcU4S23DnH9FwPblr6c","glitterchatter","28058","Shrimp Scampi",5
"u_1oKVaZxnBcU4S23DnH9FwPblr6c","glitterchatter","9735","Comforting Chicken Noodle Soup",5
"u_1oKVaZxnBcU4S23DnH9FwPblr6c","glitterchatter","7752","Chocolate Caramel Candy",5
"u_1oKVaZxnBcU4S23DnH9FwPblr6c","glitterchatter","7539","Fluffy Pancakes",5
"u_1oKVabYwI2fZAnwYCZ0MaaxeDs9","germanycook","8431","Rhubarb Custard Bars",5
"u_1oKVabYwI2fZAnwYCZ0MaaxeDs9","germanycook","7539","Fluffy Pancakes",5
"u_1oKVabYwI2fZAnwYCZ0MaaxeDs9","germanycook","2872","Stuffed Pepper Soup",5
"u_1oKVabYwI2fZAnwYCZ0MaaxeDs9","germanycook","41384","Black Bean ‘n’ Pumpkin Chili",5
"u_1oKVabYwI2fZAnwYCZ0MaaxeDs9","germanycook","33121","Chocolate Chip Oatmeal Cookies",5
"u_1oKVabx1v9IOjmZbyC5dIRTPlC5","amsm","24886","Chicken and Dumplings",4.91587575778868
"u_1oKVabx1v9IOjmZbyC5dIRTPlC5","amsm","42873","Teriyaki Chicken Thighs",4.87864850313994
"u_1oKVabx1v9IOjmZbyC5dIRTPlC5","amsm","6504","Mom’s Meat Loaf",4.87132999831668
"u_1oKVabx1v9IOjmZbyC5dIRTPlC5","amsm","36450","Fluffy Key Lime Pie",4.86797934810548
"u_1oKVabx1v9IOjmZbyC5dIRTPlC5","amsm","39581","Homemade Peanut Butter Cups",4.84156235025063
"u_1oKVacBHwedX5Hf1nE0fWzDw1cz","lisa53202","39334","Chicken Penne Casserole",5
"u_1oKVacBHwedX5Hf1nE0fWzDw1cz","lisa53202","41101","Rustic Italian Tortellini Soup",5
"u_1oKVacBHwedX5Hf1nE0fWzDw1cz","lisa53202","32480","Basic Homemade Bread",5
"u_1oKVacBHwedX5Hf1nE0fWzDw1cz","lisa53202","23222","Baked Mushroom Chicken",5
"u_1oKVacBHwedX5Hf1nE0fWzDw1cz","lisa53202","26937","Pineapple Pudding Cake",5
"u_1oKVadLzyQUPDTrtCNQIMn8QJTk","Hannah0418","100276","Grilled Huli Huli Chicken",5
"u_1oKVadLzyQUPDTrtCNQIMn8QJTk","Hannah0418","32480","Basic Homemade Bread",5
"u_1oKVadLzyQUPDTrtCNQIMn8QJTk","Hannah0418","27675","Peanut Butter Cup Cheesecake",5
"u_1oKVadLzyQUPDTrtCNQIMn8QJTk","Hannah0418","45495","Gluten-Free Banana Bread",5
"u_1oKVadLzyQUPDTrtCNQIMn8QJTk","Hannah0418","9010","Favorite Dutch Apple Pie",4.91020064689769
"u_1oKVaf2djh0qhImdbVbaP1hn6rf","buttermilk maid","18341","Bacon Macaroni Salad",5
"u_1oKVaf2djh0qhImdbVbaP1hn6rf","buttermilk maid","3309","Best Ever Banana Bread",5
"u_1oKVaf2djh0qhImdbVbaP1hn6rf","buttermilk maid","14299","Creamy White Chili",5
"u_1oKVaf2djh0qhImdbVbaP1hn6rf","buttermilk maid","23222","Baked Mushroom Chicken",5
"u_1oKVaf2djh0qhImdbVbaP1hn6rf","buttermilk maid","7178","Zucchini Cupcake",5
"u_1oKVakfYCgfVuJgJskIe58dCnCz","ferryal","33121","Chocolate Chip Oatmeal Cookies",5
"u_1oKVakfYCgfVuJgJskIe58dCnCz","ferryal","11767","Quick Cream of Mushroom Soup",5
"u_1oKVakfYCgfVuJgJskIe58dCnCz","ferryal","32480","Basic Homemade Bread",5
"u_1oKVakfYCgfVuJgJskIe58dCnCz","ferryal","141947","Ham and Swiss Sliders",5
"u_1oKVakfYCgfVuJgJskIe58dCnCz","ferryal","15805","Bruschetta Chicken",5
"u_1oKVakhxVIBNUxgvWPjxZBGNwrV","grandmascooking22","42873","Teriyaki Chicken Thighs",5
"u_1oKVakhxVIBNUxgvWPjxZBGNwrV","grandmascooking22","2912","Zucchini Pizza Casserole",5
"u_1oKVakhxVIBNUxgvWPjxZBGNwrV","grandmascooking22","9735","Comforting Chicken Noodle Soup",5
"u_1oKVakhxVIBNUxgvWPjxZBGNwrV","grandmascooking22","7708","Basic Banana Muffins",5
"u_1oKVakhxVIBNUxgvWPjxZBGNwrV","grandmascooking22","43675","Macaroni Coleslaw",5
"u_1oKVam4esKtXrR9ATMDDA7eVWEt","ms11145","11588","Slow-Cooker Lasagna",5
"u_1oKVam4esKtXrR9ATMDDA7eVWEt","ms11145","6504","Mom’s Meat Loaf",5
"u_1oKVam4esKtXrR9ATMDDA7eVWEt","ms11145","82745","Mamaw Emily’s Strawberry Cake",5
"u_1oKVam4esKtXrR9ATMDDA7eVWEt","ms11145","12259","Banana Bars with Cream Cheese Frosting",5
"u_1oKVam4esKtXrR9ATMDDA7eVWEt","ms11145","2912","Zucchini Pizza Casserole",5
"u_1oKVanu3z4yEOftvPhDycfFqHv8","dvierzen","386","Hot Milk Cake",5
"u_1oKVanu3z4yEOftvPhDycfFqHv8","dvierzen","42386","Pumpkin Spice Cupcakes with Cream Cheese Frosting",5
"u_1oKVanu3z4yEOftvPhDycfFqHv8","dvierzen","28058","Shrimp Scampi",5
"u_1oKVanu3z4yEOftvPhDycfFqHv8","dvierzen","9735","Comforting Chicken Noodle Soup",5
"u_1oKVanu3z4yEOftvPhDycfFqHv8","dvierzen","957","Sandy’s Chocolate Cake",5
"u_1oKVao0QsJzv4UDVpq7n5EUevA7","TrishtheDish1","386","Hot Milk Cake",5
"u_1oKVao0QsJzv4UDVpq7n5EUevA7","TrishtheDish1","12700","Big Soft Ginger Cookies",5
"u_1oKVao0QsJzv4UDVpq7n5EUevA7","TrishtheDish1","17826","Amish Breakfast Casserole",5
"u_1oKVao0QsJzv4UDVpq7n5EUevA7","TrishtheDish1","28058","Shrimp Scampi",5
"u_1oKVao0QsJzv4UDVpq7n5EUevA7","TrishtheDish1","3309","Best Ever Banana Bread",5
"u_1oKVaoDvFRlnHTA9ix6pgmJUWiK","shannondobos","39334","Chicken Penne Casserole",5
"u_1oKVaoDvFRlnHTA9ix6pgmJUWiK","shannondobos","28058","Shrimp Scampi",5
"u_1oKVaoDvFRlnHTA9ix6pgmJUWiK","shannondobos","41384","Black Bean ‘n’ Pumpkin Chili",5
"u_1oKVaoDvFRlnHTA9ix6pgmJUWiK","shannondobos","46655","Chocolate-Strawberry Celebration Cake",5
"u_1oKVaoDvFRlnHTA9ix6pgmJUWiK","shannondobos","3290","Brown Sugar Oatmeal Pancakes",5
"u_1oKVaoQBeEjijuLuGXcLWClULrd","knollbrookcook","17022","Vegetarian Linguine",5
"u_1oKVaoQBeEjijuLuGXcLWClULrd","knollbrookcook","386","Hot Milk Cake",5
"u_1oKVaoQBeEjijuLuGXcLWClULrd","knollbrookcook","100276","Grilled Huli Huli Chicken",5
"u_1oKVaoQBeEjijuLuGXcLWClULrd","knollbrookcook","1196","Pumpkin Bread",5
"u_1oKVaoQBeEjijuLuGXcLWClULrd","knollbrookcook","2832","Cheeseburger Soup",5
"u_1oKVaosb18WOhGwPs1ek3MdEhCc","mother of 3","39334","Chicken Penne Casserole",5
"u_1oKVaosb18WOhGwPs1ek3MdEhCc","mother of 3","33121","Chocolate Chip Oatmeal Cookies",5
"u_1oKVaosb18WOhGwPs1ek3MdEhCc","mother of 3","14600","Buttery Cornbread",5
"u_1oKVaosb18WOhGwPs1ek3MdEhCc","mother of 3","82745","Mamaw Emily’s Strawberry Cake",5
"u_1oKVaosb18WOhGwPs1ek3MdEhCc","mother of 3","33206","Pineapple Orange Cake",5
"u_1oKVarZeoP5DltdusOT6SGl4IxA","jsk68","35948","Caramel-Pecan Cheesecake Pie",5
"u_1oKVarZeoP5DltdusOT6SGl4IxA","jsk68","17022","Vegetarian Linguine",5
"u_1oKVarZeoP5DltdusOT6SGl4IxA","jsk68","8202","Simple Taco Soup",4.98296335961567
"u_1oKVarZeoP5DltdusOT6SGl4IxA","jsk68","27696","Flavorful Pot Roast",4.89394327562618
"u_1oKVarZeoP5DltdusOT6SGl4IxA","jsk68","41095","Contest-Winning New England Clam Chowder",4.67810588068802
"u_1oKVasm5IwFdw64hFcnuTnurtzu","LPHJKitchen","19731","Cauliflower Soup",5
"u_1oKVasm5IwFdw64hFcnuTnurtzu","LPHJKitchen","3143","Pumpkin Bars",5
"u_1oKVasm5IwFdw64hFcnuTnurtzu","LPHJKitchen","957","Sandy’s Chocolate Cake",5
"u_1oKVasm5IwFdw64hFcnuTnurtzu","LPHJKitchen","18341","Bacon Macaroni Salad",5
"u_1oKVasm5IwFdw64hFcnuTnurtzu","LPHJKitchen","14299","Creamy White Chili",5
"u_1oKVatYSY5LsFjPKeOy8IydBoLd","gld2bmom","42386","Pumpkin Spice Cupcakes with Cream Cheese Frosting",5
"u_1oKVatYSY5LsFjPKeOy8IydBoLd","gld2bmom","17826","Amish Breakfast Casserole",5
"u_1oKVatYSY5LsFjPKeOy8IydBoLd","gld2bmom","11767","Quick Cream of Mushroom Soup",5
"u_1oKVatYSY5LsFjPKeOy8IydBoLd","gld2bmom","27626","Skillet Shepherd’s Pie",5
"u_1oKVatYSY5LsFjPKeOy8IydBoLd","gld2bmom","141947","Ham and Swiss Sliders",5
"u_1oKVaxGEYZdECwHjUKnbsA2bgVW","DawnLockhart","39334","Chicken Penne Casserole",5
"u_1oKVaxGEYZdECwHjUKnbsA2bgVW","DawnLockhart","12700","Big Soft Ginger Cookies",5
"u_1oKVaxGEYZdECwHjUKnbsA2bgVW","DawnLockhart","23222","Baked Mushroom Chicken",5
"u_1oKVaxGEYZdECwHjUKnbsA2bgVW","DawnLockhart","2872","Stuffed Pepper Soup",5
"u_1oKVaxGEYZdECwHjUKnbsA2bgVW","DawnLockhart","32248","Smothered Chicken Breasts",5
"u_1oKVb0V3iTiJPOI7nDKG8EYc2iE","KookieB","2912","Zucchini Pizza Casserole",5
"u_1oKVb0V3iTiJPOI7nDKG8EYc2iE","KookieB","7752","Chocolate Caramel Candy",5
"u_1oKVb0V3iTiJPOI7nDKG8EYc2iE","KookieB","3309","Best Ever Banana Bread",5
"u_1oKVb0V3iTiJPOI7nDKG8EYc2iE","KookieB","141947","Ham and Swiss Sliders",5
"u_1oKVb0V3iTiJPOI7nDKG8EYc2iE","KookieB","16579","Chicken Wild Rice Soup",5
"u_1oKVb5uSZj7PviMuKwtkrUoN1pf","KarenKeefe","7539","Fluffy Pancakes",5
"u_1oKVb5uSZj7PviMuKwtkrUoN1pf","KarenKeefe","36450","Fluffy Key Lime Pie",5
"u_1oKVb5uSZj7PviMuKwtkrUoN1pf","KarenKeefe","7178","Zucchini Cupcake",5
"u_1oKVb5uSZj7PviMuKwtkrUoN1pf","KarenKeefe","1196","Pumpkin Bread",5
"u_1oKVb5uSZj7PviMuKwtkrUoN1pf","KarenKeefe","43675","Macaroni Coleslaw",5
"u_1oKVbANACJTTSSweHZ3IZ47elIO","cherrylady","17022","Vegetarian Linguine",5
"u_1oKVbANACJTTSSweHZ3IZ47elIO","cherrylady","35766","Cheeseburger Paradise Soup",4.71616581753024
"u_1oKVbANACJTTSSweHZ3IZ47elIO","cherrylady","3309","Best Ever Banana Bread",4.6167462212521
"u_1oKVbANACJTTSSweHZ3IZ47elIO","cherrylady","10248","Garlic Beef Enchiladas",4.30137758587098
"u_1oKVbANACJTTSSweHZ3IZ47elIO","cherrylady","9010","Favorite Dutch Apple Pie",4.29664690052811
"u_1oKVbBNo3rHvSNieZn0tXcaptee","ojc0806","386","Hot Milk Cake",5
"u_1oKVbBNo3rHvSNieZn0tXcaptee","ojc0806","18341","Bacon Macaroni Salad",5
"u_1oKVbBNo3rHvSNieZn0tXcaptee","ojc0806","2832","Cheeseburger Soup",5
"u_1oKVbBNo3rHvSNieZn0tXcaptee","ojc0806","41384","Black Bean ‘n’ Pumpkin Chili",5
"u_1oKVbBNo3rHvSNieZn0tXcaptee","ojc0806","35948","Caramel-Pecan Cheesecake Pie",5
"u_1oKVbXQaRUOa0GmdFRMLpEP2R9L","dzz1qy","4383","First-Place Coconut Macaroons",5
"u_1oKVbXQaRUOa0GmdFRMLpEP2R9L","dzz1qy","35948","Caramel-Pecan Cheesecake Pie",5
"u_1oKVbXQaRUOa0GmdFRMLpEP2R9L","dzz1qy","3683","Caramel Heavenlies",5
"u_1oKVbXQaRUOa0GmdFRMLpEP2R9L","dzz1qy","17022","Vegetarian Linguine",5
"u_1oKVbXQaRUOa0GmdFRMLpEP2R9L","dzz1qy","32480","Basic Homemade Bread",5
"u_1oKVbXTJIthO0iwAV4zZx2zYqGK","tammycookblogsbooks","14299","Creamy White Chili",5
"u_1oKVbXTJIthO0iwAV4zZx2zYqGK","tammycookblogsbooks","39334","Chicken Penne Casserole",5
"u_1oKVbXTJIthO0iwAV4zZx2zYqGK","tammycookblogsbooks","41101","Rustic Italian Tortellini Soup",5
"u_1oKVbXTJIthO0iwAV4zZx2zYqGK","tammycookblogsbooks","11767","Quick Cream of Mushroom Soup",5
"u_1oKVbXTJIthO0iwAV4zZx2zYqGK","tammycookblogsbooks","9010","Favorite Dutch Apple Pie",5
"u_1oKVbkaKDCs4JqmA3L5Vyub9CYD","senzascusa","26937","Pineapple Pudding Cake",5
"u_1oKVbkaKDCs4JqmA3L5Vyub9CYD","senzascusa","45495","Gluten-Free Banana Bread",5
"u_1oKVbkaKDCs4JqmA3L5Vyub9CYD","senzascusa","41384","Black Bean ‘n’ Pumpkin Chili",4.97578222507569
"u_1oKVbkaKDCs4JqmA3L5Vyub9CYD","senzascusa","7539","Fluffy Pancakes",4.91561347304044
"u_1oKVbkaKDCs4JqmA3L5Vyub9CYD","senzascusa","33743","Tennessee Peach Pudding",4.91001821699802
"u_1oKVblcBcRzRxmmRkdaB0bk0nOH","angieact1","32535","Creamy Grape Salad",5
"u_1oKVblcBcRzRxmmRkdaB0bk0nOH","angieact1","8431","Rhubarb Custard Bars",5
"u_1oKVblcBcRzRxmmRkdaB0bk0nOH","angieact1","38183","Baked Tilapia",5
"u_1oKVblcBcRzRxmmRkdaB0bk0nOH","angieact1","45495","Gluten-Free Banana Bread",5
"u_1oKVblcBcRzRxmmRkdaB0bk0nOH","angieact1","386","Hot Milk Cake",5
"u_1oKVbmHDCK2MBpqtv6GB3529Nw7","maggieaw","34347","Lime Chicken Tacos",5
"u_1oKVbmHDCK2MBpqtv6GB3529Nw7","maggieaw","12700","Big Soft Ginger Cookies",5
"u_1oKVbmHDCK2MBpqtv6GB3529Nw7","maggieaw","41101","Rustic Italian Tortellini Soup",5
"u_1oKVbmHDCK2MBpqtv6GB3529Nw7","maggieaw","3309","Best Ever Banana Bread",5
"u_1oKVbmHDCK2MBpqtv6GB3529Nw7","maggieaw","32480","Basic Homemade Bread",5
"u_1oKVbqUdsyohkb1XHZEI5rWEiWl","10sChick","26937","Pineapple Pudding Cake",5
"u_1oKVbqUdsyohkb1XHZEI5rWEiWl","10sChick","46655","Chocolate-Strawberry Celebration Cake",5
"u_1oKVbqUdsyohkb1XHZEI5rWEiWl","10sChick","27675","Peanut Butter Cup Cheesecake",5
"u_1oKVbqUdsyohkb1XHZEI5rWEiWl","10sChick","45495","Gluten-Free Banana Bread",5
"u_1oKVbqUdsyohkb1XHZEI5rWEiWl","10sChick","10248","Garlic Beef Enchiladas",4.97048489141314
"u_1oKVbut7re70gh1Se2cKaDttD2C","klandrews84","7752","Chocolate Caramel Candy",5
"u_1oKVbut7re70gh1Se2cKaDttD2C","klandrews84","41095","Contest-Winning New England Clam Chowder",5
"u_1oKVbut7re70gh1Se2cKaDttD2C","klandrews84","33457","Chunky Apple Cake",5
"u_1oKVbut7re70gh1Se2cKaDttD2C","klandrews84","45495","Gluten-Free Banana Bread",5
"u_1oKVbut7re70gh1Se2cKaDttD2C","klandrews84","7539","Fluffy Pancakes",4.98081418694559
"u_1oKVbvoVcAId85tZ6rEW1EMlLzR","sgronholz","15805","Bruschetta Chicken",5
"u_1oKVbvoVcAId85tZ6rEW1EMlLzR","sgronholz","1196","Pumpkin Bread",5
"u_1oKVbvoVcAId85tZ6rEW1EMlLzR","sgronholz","7752","Chocolate Caramel Candy",5
"u_1oKVbvoVcAId85tZ6rEW1EMlLzR","sgronholz","19731","Cauliflower Soup",5
"u_1oKVbvoVcAId85tZ6rEW1EMlLzR","sgronholz","41095","Contest-Winning New England Clam Chowder",5
"u_1oKVbyOGvXFWJx4fpzHybJJ20N3","dublinlab","28058","Shrimp Scampi",5
"u_1oKVbyOGvXFWJx4fpzHybJJ20N3","dublinlab","32264","Easy Chicken Enchiladas",5
"u_1oKVbyOGvXFWJx4fpzHybJJ20N3","dublinlab","7539","Fluffy Pancakes",5
"u_1oKVbyOGvXFWJx4fpzHybJJ20N3","dublinlab","26937","Pineapple Pudding Cake",5
"u_1oKVbyOGvXFWJx4fpzHybJJ20N3","dublinlab","14600","Buttery Cornbread",5
"u_1oKVbzAa9VifTd90VCqWPWUyD4S","erinmarie78","45495","Gluten-Free Banana Bread",5
"u_1oKVbzAa9VifTd90VCqWPWUyD4S","erinmarie78","32535","Creamy Grape Salad",4.96086032509284
"u_1oKVbzAa9VifTd90VCqWPWUyD4S","erinmarie78","15805","Bruschetta Chicken",4.84196358833487
"u_1oKVbzAa9VifTd90VCqWPWUyD4S","erinmarie78","34347","Lime Chicken Tacos",4.80053398307453
"u_1oKVbzAa9VifTd90VCqWPWUyD4S","erinmarie78","386","Hot Milk Cake",4.7603841561603
"u_1oKVc57zin1tNYP5HDKvcmfaUYt","PageRD","14299","Creamy White Chili",5
"u_1oKVc57zin1tNYP5HDKvcmfaUYt","PageRD","386","Hot Milk Cake",5
"u_1oKVc57zin1tNYP5HDKvcmfaUYt","PageRD","39334","Chicken Penne Casserole",5
"u_1oKVc57zin1tNYP5HDKvcmfaUYt","PageRD","28058","Shrimp Scampi",5
"u_1oKVc57zin1tNYP5HDKvcmfaUYt","PageRD","957","Sandy’s Chocolate Cake",5
"u_1oKVcB1UMjb8Lc0Bsr8xQ850hmw","Jellybug","32248","Smothered Chicken Breasts",5
"u_1oKVcB1UMjb8Lc0Bsr8xQ850hmw","Jellybug","38550","Special Banana Nut Bread",5
"u_1oKVcB1UMjb8Lc0Bsr8xQ850hmw","Jellybug","11767","Quick Cream of Mushroom Soup",5
"u_1oKVcB1UMjb8Lc0Bsr8xQ850hmw","Jellybug","28058","Shrimp Scampi",5
"u_1oKVcB1UMjb8Lc0Bsr8xQ850hmw","Jellybug","7708","Basic Banana Muffins",5
"u_1oKVcBeTuVU3tWIjoTy7LIH8Dho","swinny","16458","Cherry Bars",5
"u_1oKVcBeTuVU3tWIjoTy7LIH8Dho","swinny","39334","Chicken Penne Casserole",5
"u_1oKVcBeTuVU3tWIjoTy7LIH8Dho","swinny","100276","Grilled Huli Huli Chicken",5
"u_1oKVcBeTuVU3tWIjoTy7LIH8Dho","swinny","41101","Rustic Italian Tortellini Soup",5
"u_1oKVcBeTuVU3tWIjoTy7LIH8Dho","swinny","27626","Skillet Shepherd’s Pie",5
"u_1oKVcHCoAqJ0FSbm96rqbLctpke","Aug-95","8431","Rhubarb Custard Bars",5
"u_1oKVcHCoAqJ0FSbm96rqbLctpke","Aug-95","27626","Skillet Shepherd’s Pie",5
"u_1oKVcHCoAqJ0FSbm96rqbLctpke","Aug-95","9010","Favorite Dutch Apple Pie",5
"u_1oKVcHCoAqJ0FSbm96rqbLctpke","Aug-95","41384","Black Bean ‘n’ Pumpkin Chili",5
"u_1oKVcHCoAqJ0FSbm96rqbLctpke","Aug-95","27434","Asian Chicken Thighs",5
"u_1oKVcPemJ66oqBPVF8H82JdbYQF","hamhock32","39334","Chicken Penne Casserole",5
"u_1oKVcPemJ66oqBPVF8H82JdbYQF","hamhock32","100276","Grilled Huli Huli Chicken",5
"u_1oKVcPemJ66oqBPVF8H82JdbYQF","hamhock32","18341","Bacon Macaroni Salad",5
"u_1oKVcPemJ66oqBPVF8H82JdbYQF","hamhock32","16579","Chicken Wild Rice Soup",5
"u_1oKVcPemJ66oqBPVF8H82JdbYQF","hamhock32","32264","Easy Chicken Enchiladas",5
"u_1oKVcUfQAMSIxzGPlb73FSMdW2t","randcbruns","1152","Pork Chops with Scalloped Potatoes",5
"u_1oKVcUfQAMSIxzGPlb73FSMdW2t","randcbruns","36450","Fluffy Key Lime Pie",5
"u_1oKVcUfQAMSIxzGPlb73FSMdW2t","randcbruns","33121","Chocolate Chip Oatmeal Cookies",5
"u_1oKVcUfQAMSIxzGPlb73FSMdW2t","randcbruns","4383","First-Place Coconut Macaroons",5
"u_1oKVcUfQAMSIxzGPlb73FSMdW2t","randcbruns","74724","Chocolate Guinness Cake",5
"u_1oKVcYWEuDOQondMr0G6EfR4hzf","AmyE007","4383","First-Place Coconut Macaroons",5
"u_1oKVcYWEuDOQondMr0G6EfR4hzf","AmyE007","1063","Frosted Banana Bars",4.67305490846926
"u_1oKVcYWEuDOQondMr0G6EfR4hzf","AmyE007","9010","Favorite Dutch Apple Pie",4.53972499272584
"u_1oKVcYWEuDOQondMr0G6EfR4hzf","AmyE007","3058","Winning Apple Crisp",4.52320795097406
"u_1oKVcYWEuDOQondMr0G6EfR4hzf","AmyE007","8431","Rhubarb Custard Bars",4.48036943641124
"u_1oKVcabvSpdP7ukRmN281a1FxcL","cindiak","14299","Creamy White Chili",5
"u_1oKVcabvSpdP7ukRmN281a1FxcL","cindiak","14600","Buttery Cornbread",5
"u_1oKVcabvSpdP7ukRmN281a1FxcL","cindiak","18345","Simple Au Gratin Potatoes",5
"u_1oKVcabvSpdP7ukRmN281a1FxcL","cindiak","28058","Shrimp Scampi",5
"u_1oKVcabvSpdP7ukRmN281a1FxcL","cindiak","43675","Macaroni Coleslaw",5
"u_1oKVcgcF5XXFvBht3lN1UrDxsw1","suekg","386","Hot Milk Cake",5
"u_1oKVcgcF5XXFvBht3lN1UrDxsw1","suekg","28058","Shrimp Scampi",5
"u_1oKVcgcF5XXFvBht3lN1UrDxsw1","suekg","8015","Easy Peanut Butter Fudge",5
"u_1oKVcgcF5XXFvBht3lN1UrDxsw1","suekg","2912","Zucchini Pizza Casserole",5
"u_1oKVcgcF5XXFvBht3lN1UrDxsw1","suekg","42386","Pumpkin Spice Cupcakes with Cream Cheese Frosting",5
"u_1oKVcglfCO7E2tIJymSOggi3h6s","schamberlain","42386","Pumpkin Spice Cupcakes with Cream Cheese Frosting",5
"u_1oKVcglfCO7E2tIJymSOggi3h6s","schamberlain","6086","Apple Pie",5
"u_1oKVcglfCO7E2tIJymSOggi3h6s","schamberlain","8431","Rhubarb Custard Bars",5
"u_1oKVcglfCO7E2tIJymSOggi3h6s","schamberlain","141947","Ham and Swiss Sliders",5
"u_1oKVcglfCO7E2tIJymSOggi3h6s","schamberlain","16579","Chicken Wild Rice Soup",5
"u_1oKVchl3LINh51liAWR6aZjJEqJ","jeanemed","45495","Gluten-Free Banana Bread",5
"u_1oKVchl3LINh51liAWR6aZjJEqJ","jeanemed","12700","Big Soft Ginger Cookies",5
"u_1oKVchl3LINh51liAWR6aZjJEqJ","jeanemed","42386","Pumpkin Spice Cupcakes with Cream Cheese Frosting",5
"u_1oKVchl3LINh51liAWR6aZjJEqJ","jeanemed","11767","Quick Cream of Mushroom Soup",5
"u_1oKVchl3LINh51liAWR6aZjJEqJ","jeanemed","1152","Pork Chops with Scalloped Potatoes",5
"u_1oKVd3yw1GUizOlS6lLqS8HxMFf","KatyH3","7752","Chocolate Caramel Candy",5
"u_1oKVd3yw1GUizOlS6lLqS8HxMFf","KatyH3","39334","Chicken Penne Casserole",5
"u_1oKVd3yw1GUizOlS6lLqS8HxMFf","KatyH3","17826","Amish Breakfast Casserole",5
"u_1oKVd3yw1GUizOlS6lLqS8HxMFf","KatyH3","9010","Favorite Dutch Apple Pie",5
"u_1oKVd3yw1GUizOlS6lLqS8HxMFf","KatyH3","36450","Fluffy Key Lime Pie",5
"u_1oKVd4Lfa0W2rvviyfWOXbD5r1t","dollargirl","42386","Pumpkin Spice Cupcakes with Cream Cheese Frosting",5
"u_1oKVd4Lfa0W2rvviyfWOXbD5r1t","dollargirl","41101","Rustic Italian Tortellini Soup",5
"u_1oKVd4Lfa0W2rvviyfWOXbD5r1t","dollargirl","11767","Quick Cream of Mushroom Soup",5
"u_1oKVd4Lfa0W2rvviyfWOXbD5r1t","dollargirl","43675","Macaroni Coleslaw",5
"u_1oKVd4Lfa0W2rvviyfWOXbD5r1t","dollargirl","16579","Chicken Wild Rice Soup",5
"u_1oKVdXJVj0FvjvOHkePwEUxmEWq","oreo95","141947","Ham and Swiss Sliders",5
"u_1oKVdXJVj0FvjvOHkePwEUxmEWq","oreo95","2872","Stuffed Pepper Soup",5
"u_1oKVdXJVj0FvjvOHkePwEUxmEWq","oreo95","957","Sandy’s Chocolate Cake",5
"u_1oKVdXJVj0FvjvOHkePwEUxmEWq","oreo95","39545","White Bean Chicken Chili",5
"u_1oKVdXJVj0FvjvOHkePwEUxmEWq","oreo95","33121","Chocolate Chip Oatmeal Cookies",5
"u_1oKVdZgVe0ACkmVJamQvB59xGvG","greatwithoutgluten","74724","Chocolate Guinness Cake",5
"u_1oKVdZgVe0ACkmVJamQvB59xGvG","greatwithoutgluten","8431","Rhubarb Custard Bars",4.91382496907136
"u_1oKVdZgVe0ACkmVJamQvB59xGvG","greatwithoutgluten","957","Sandy’s Chocolate Cake",4.87742602270694
"u_1oKVdZgVe0ACkmVJamQvB59xGvG","greatwithoutgluten","46655","Chocolate-Strawberry Celebration Cake",4.87610520316206
"u_1oKVdZgVe0ACkmVJamQvB59xGvG","greatwithoutgluten","38550","Special Banana Nut Bread",4.82639780587939
"u_1oKVdbeyIGYYyoSvg3YzfUKSM7B","obsessedwithfood","38183","Baked Tilapia",5
"u_1oKVdbeyIGYYyoSvg3YzfUKSM7B","obsessedwithfood","1324","Porcupine Meatballs",5
"u_1oKVdbeyIGYYyoSvg3YzfUKSM7B","obsessedwithfood","7752","Chocolate Caramel Candy",5
"u_1oKVdbeyIGYYyoSvg3YzfUKSM7B","obsessedwithfood","15805","Bruschetta Chicken",5
"u_1oKVdbeyIGYYyoSvg3YzfUKSM7B","obsessedwithfood","12347","Creamy Coleslaw",5
"u_1oKVdftfgUoJw4xMHCnsokmaRoW","Catbird513","42386","Pumpkin Spice Cupcakes with Cream Cheese Frosting",5
"u_1oKVdftfgUoJw4xMHCnsokmaRoW","Catbird513","14600","Buttery Cornbread",5
"u_1oKVdftfgUoJw4xMHCnsokmaRoW","Catbird513","43675","Macaroni Coleslaw",5
"u_1oKVdftfgUoJw4xMHCnsokmaRoW","Catbird513","26937","Pineapple Pudding Cake",5
"u_1oKVdftfgUoJw4xMHCnsokmaRoW","Catbird513","33206","Pineapple Orange Cake",5
"u_1oKVdkF8CWEUykeryoR13uAIDkf","lauripobanz","35948","Caramel-Pecan Cheesecake Pie",5
"u_1oKVdkF8CWEUykeryoR13uAIDkf","lauripobanz","34347","Lime Chicken Tacos",4.97598707799419
"u_1oKVdkF8CWEUykeryoR13uAIDkf","lauripobanz","42083","Enchilada Casser-Ole!",4.97063347002795
"u_1oKVdkF8CWEUykeryoR13uAIDkf","lauripobanz","21444","Favorite Chicken Potpie",4.93636563976373
"u_1oKVdkF8CWEUykeryoR13uAIDkf","lauripobanz","32535","Creamy Grape Salad",4.91973062841217
"u_1oKVdnGOtUxBZc3kMCdQaFjzDG5","Peggie0203","39549","Forgotten Jambalaya",5
"u_1oKVdnGOtUxBZc3kMCdQaFjzDG5","Peggie0203","17310","Seafood Lasagna",5
"u_1oKVdnGOtUxBZc3kMCdQaFjzDG5","Peggie0203","33206","Pineapple Orange Cake",5
"u_1oKVdnGOtUxBZc3kMCdQaFjzDG5","Peggie0203","42873","Teriyaki Chicken Thighs",5
"u_1oKVdnGOtUxBZc3kMCdQaFjzDG5","Peggie0203","18274","Ravioli Lasagna",5
"u_1oKVdpotk8j55JIT4Cm4cmfip9q","pinkiepie","1324","Porcupine Meatballs",4.94176849322499
"u_1oKVdpotk8j55JIT4Cm4cmfip9q","pinkiepie","16579","Chicken Wild Rice Soup",4.93788468286836
"u_1oKVdpotk8j55JIT4Cm4cmfip9q","pinkiepie","4444","Strawberry Pretzel Salad",4.93495747890466
"u_1oKVdpotk8j55JIT4Cm4cmfip9q","pinkiepie","8015","Easy Peanut Butter Fudge",4.91256409113756
"u_1oKVdpotk8j55JIT4Cm4cmfip9q","pinkiepie","19201","Peanut Butter Chocolate Dessert",4.90224455817236
"u_1oKVdsyqxzQKBuCOfXS7i5vDxb3","juicyfruit007","4383","First-Place Coconut Macaroons",5
"u_1oKVdsyqxzQKBuCOfXS7i5vDxb3","juicyfruit007","33206","Pineapple Orange Cake",5
"u_1oKVdsyqxzQKBuCOfXS7i5vDxb3","juicyfruit007","8015","Easy Peanut Butter Fudge",5
"u_1oKVdsyqxzQKBuCOfXS7i5vDxb3","juicyfruit007","27675","Peanut Butter Cup Cheesecake",5
"u_1oKVdsyqxzQKBuCOfXS7i5vDxb3","juicyfruit007","1152","Pork Chops with Scalloped Potatoes",4.98848342880188
"u_1oKVe6iFgOYfbGKGRYcJN9y34Cz","kredhead","12700","Big Soft Ginger Cookies",5
"u_1oKVe6iFgOYfbGKGRYcJN9y34Cz","kredhead","14299","Creamy White Chili",5
"u_1oKVe6iFgOYfbGKGRYcJN9y34Cz","kredhead","32248","Smothered Chicken Breasts",5
"u_1oKVe6iFgOYfbGKGRYcJN9y34Cz","kredhead","41384","Black Bean ‘n’ Pumpkin Chili",5
"u_1oKVe6iFgOYfbGKGRYcJN9y34Cz","kredhead","12003","Traditional Lasagna",5
"u_1oKVe9AOEKp7dN71Ylmhu8elsek","JudithRN3","4383","First-Place Coconut Macaroons",5
"u_1oKVe9AOEKp7dN71Ylmhu8elsek","JudithRN3","3683","Caramel Heavenlies",5
"u_1oKVe9AOEKp7dN71Ylmhu8elsek","JudithRN3","1063","Frosted Banana Bars",4.85020982469494
"u_1oKVe9AOEKp7dN71Ylmhu8elsek","JudithRN3","141947","Ham and Swiss Sliders",4.73260845225521
"u_1oKVe9AOEKp7dN71Ylmhu8elsek","JudithRN3","1196","Pumpkin Bread",4.71554174406451
"u_1oKVeFd6NQn9S2MPiWHWuA9ecjg","murrworm88","7708","Basic Banana Muffins",5
"u_1oKVeFd6NQn9S2MPiWHWuA9ecjg","murrworm88","41384","Black Bean ‘n’ Pumpkin Chili",5
"u_1oKVeFd6NQn9S2MPiWHWuA9ecjg","murrworm88","9739","Best Ever Potato Soup",5
"u_1oKVeFd6NQn9S2MPiWHWuA9ecjg","murrworm88","24886","Chicken and Dumplings",5
"u_1oKVeFd6NQn9S2MPiWHWuA9ecjg","murrworm88","100276","Grilled Huli Huli Chicken",5
"u_1oKVeHAVcuQUUGaM6AhvTCL2z2p","dcscake_OH","18341","Bacon Macaroni Salad",5
"u_1oKVeHAVcuQUUGaM6AhvTCL2z2p","dcscake_OH","17310","Seafood Lasagna",5
"u_1oKVeHAVcuQUUGaM6AhvTCL2z2p","dcscake_OH","36217","Creamy Macaroni and Cheese",5
"u_1oKVeHAVcuQUUGaM6AhvTCL2z2p","dcscake_OH","32535","Creamy Grape Salad",5
"u_1oKVeHAVcuQUUGaM6AhvTCL2z2p","dcscake_OH","33206","Pineapple Orange Cake",5
"u_1oKVeN9YNf07RT0P9R63Yu80P5A","JGa2595176","27696","Flavorful Pot Roast",5
"u_1oKVeN9YNf07RT0P9R63Yu80P5A","JGa2595176","42083","Enchilada Casser-Ole!",5
"u_1oKVeN9YNf07RT0P9R63Yu80P5A","JGa2595176","12259","Banana Bars with Cream Cheese Frosting",5
"u_1oKVeN9YNf07RT0P9R63Yu80P5A","JGa2595176","35766","Cheeseburger Paradise Soup",5
"u_1oKVeN9YNf07RT0P9R63Yu80P5A","JGa2595176","17022","Vegetarian Linguine",5
"u_1oKVeOXrPE5pnMV31UD49yFbF4p","kramerstacey15","23222","Baked Mushroom Chicken",4.91255040334371
"u_1oKVeOXrPE5pnMV31UD49yFbF4p","kramerstacey15","24886","Chicken and Dumplings",4.87769174660394
"u_1oKVeOXrPE5pnMV31UD49yFbF4p","kramerstacey15","6504","Mom’s Meat Loaf",4.82013254553334
"u_1oKVeOXrPE5pnMV31UD49yFbF4p","kramerstacey15","36450","Fluffy Key Lime Pie",4.77224395336706
"u_1oKVeOXrPE5pnMV31UD49yFbF4p","kramerstacey15","3683","Caramel Heavenlies",4.76481219062115
"u_1oKVeOeAeqriVeF23kDrEnVOGks","keverwann","46655","Chocolate-Strawberry Celebration Cake",4.39638704843724
"u_1oKVeOeAeqriVeF23kDrEnVOGks","keverwann","14600","Buttery Cornbread",4.38253628061841
"u_1oKVeOeAeqriVeF23kDrEnVOGks","keverwann","11330","Twice-Baked Potato Casserole",4.34110172752957
"u_1oKVeOeAeqriVeF23kDrEnVOGks","keverwann","8431","Rhubarb Custard Bars",4.30780804818059
"u_1oKVeOeAeqriVeF23kDrEnVOGks","keverwann","39334","Chicken Penne Casserole",4.27831901640544
"u_1oKVeWZKcUYHDAAdmzPzaDpjiUb","bwilkin","17310","Seafood Lasagna",5
"u_1oKVeWZKcUYHDAAdmzPzaDpjiUb","bwilkin","4444","Strawberry Pretzel Salad",5
"u_1oKVeWZKcUYHDAAdmzPzaDpjiUb","bwilkin","21444","Favorite Chicken Potpie",4.98220123335227
"u_1oKVeWZKcUYHDAAdmzPzaDpjiUb","bwilkin","17826","Amish Breakfast Casserole",4.8728069841438
"u_1oKVeWZKcUYHDAAdmzPzaDpjiUb","bwilkin","3309","Best Ever Banana Bread",4.85063139881895
"u_1oKVeahyqLgqjIsLuVBjPLTMR7c","Susie77","9010","Favorite Dutch Apple Pie",5
"u_1oKVeahyqLgqjIsLuVBjPLTMR7c","Susie77","17310","Seafood Lasagna",5
"u_1oKVeahyqLgqjIsLuVBjPLTMR7c","Susie77","4383","First-Place Coconut Macaroons",5
"u_1oKVeahyqLgqjIsLuVBjPLTMR7c","Susie77","414","Lemon Blueberry Bread",5
"u_1oKVeahyqLgqjIsLuVBjPLTMR7c","Susie77","3683","Caramel Heavenlies",5
"u_1oKVeep1X2cpiA469U1Zdi7cfuE","kerrynjames","33206","Pineapple Orange Cake",5
"u_1oKVeep1X2cpiA469U1Zdi7cfuE","kerrynjames","8015","Easy Peanut Butter Fudge",5
"u_1oKVeep1X2cpiA469U1Zdi7cfuE","kerrynjames","3058","Winning Apple Crisp",4.97837623316813
"u_1oKVeep1X2cpiA469U1Zdi7cfuE","kerrynjames","39334","Chicken Penne Casserole",4.94446781450888
"u_1oKVeep1X2cpiA469U1Zdi7cfuE","kerrynjames","21444","Favorite Chicken Potpie",4.93256304052453
"u_1oKVepPR4HDsIYcT1zK347AD8ZH","aicenhour","7752","Chocolate Caramel Candy",5
"u_1oKVepPR4HDsIYcT1zK347AD8ZH","aicenhour","35948","Caramel-Pecan Cheesecake Pie",5
"u_1oKVepPR4HDsIYcT1zK347AD8ZH","aicenhour","33206","Pineapple Orange Cake",5
"u_1oKVepPR4HDsIYcT1zK347AD8ZH","aicenhour","8015","Easy Peanut Butter Fudge",5
"u_1oKVepPR4HDsIYcT1zK347AD8ZH","aicenhour","19201","Peanut Butter Chocolate Dessert",5
"u_1oKVeq2rJ0OLIv0bTI2TdXZUSxi","kshea","16579","Chicken Wild Rice Soup",5
"u_1oKVeq2rJ0OLIv0bTI2TdXZUSxi","kshea","39581","Homemade Peanut Butter Cups",5
"u_1oKVeq2rJ0OLIv0bTI2TdXZUSxi","kshea","18274","Ravioli Lasagna",5
"u_1oKVeq2rJ0OLIv0bTI2TdXZUSxi","kshea","33457","Chunky Apple Cake",5
"u_1oKVeq2rJ0OLIv0bTI2TdXZUSxi","kshea","10248","Garlic Beef Enchiladas",5
"u_1oKVf8F9NqQtAw2Y4dE5IhJuNBg","IslandWife","18341","Bacon Macaroni Salad",5
"u_1oKVf8F9NqQtAw2Y4dE5IhJuNBg","IslandWife","100276","Grilled Huli Huli Chicken",5
"u_1oKVf8F9NqQtAw2Y4dE5IhJuNBg","IslandWife","27626","Skillet Shepherd’s Pie",5
"u_1oKVf8F9NqQtAw2Y4dE5IhJuNBg","IslandWife","28058","Shrimp Scampi",5
"u_1oKVf8F9NqQtAw2Y4dE5IhJuNBg","IslandWife","1196","Pumpkin Bread",5
"u_1oKVfi3qeNHeNJ2HGpoqc1r6zw9","momtomatt","27626","Skillet Shepherd’s Pie",5
"u_1oKVfi3qeNHeNJ2HGpoqc1r6zw9","momtomatt","2872","Stuffed Pepper Soup",5
"u_1oKVfi3qeNHeNJ2HGpoqc1r6zw9","momtomatt","32248","Smothered Chicken Breasts",5
"u_1oKVfi3qeNHeNJ2HGpoqc1r6zw9","momtomatt","39545","White Bean Chicken Chili",5
"u_1oKVfi3qeNHeNJ2HGpoqc1r6zw9","momtomatt","4444","Strawberry Pretzel Salad",5
"u_1oKVfvobNgMQkN94ESLJysmOpYa","Jessica2783","27675","Peanut Butter Cup Cheesecake",4.75664777753147
"u_1oKVfvobNgMQkN94ESLJysmOpYa","Jessica2783","2912","Zucchini Pizza Casserole",4.61674549267525
"u_1oKVfvobNgMQkN94ESLJysmOpYa","Jessica2783","1324","Porcupine Meatballs",4.49598487854767
"u_1oKVfvobNgMQkN94ESLJysmOpYa","Jessica2783","26937","Pineapple Pudding Cake",4.48369785572147
"u_1oKVfvobNgMQkN94ESLJysmOpYa","Jessica2783","46655","Chocolate-Strawberry Celebration Cake",4.48254818685201
"u_1oKVgHiCC1CvJytvtZiVsL01Gap","Green.devonna","2832","Cheeseburger Soup",5
"u_1oKVgHiCC1CvJytvtZiVsL01Gap","Green.devonna","7539","Fluffy Pancakes",5
"u_1oKVgHiCC1CvJytvtZiVsL01Gap","Green.devonna","15805","Bruschetta Chicken",5
"u_1oKVgHiCC1CvJytvtZiVsL01Gap","Green.devonna","19731","Cauliflower Soup",5
"u_1oKVgHiCC1CvJytvtZiVsL01Gap","Green.devonna","23222","Baked Mushroom Chicken",5
"u_1oKVgR3bBwYgTRpEnYNtKaPtyen","jackie.baker","42386","Pumpkin Spice Cupcakes with Cream Cheese Frosting",5
"u_1oKVgR3bBwYgTRpEnYNtKaPtyen","jackie.baker","11767","Quick Cream of Mushroom Soup",5
"u_1oKVgR3bBwYgTRpEnYNtKaPtyen","jackie.baker","9735","Comforting Chicken Noodle Soup",5
"u_1oKVgR3bBwYgTRpEnYNtKaPtyen","jackie.baker","16579","Chicken Wild Rice Soup",5
"u_1oKVgR3bBwYgTRpEnYNtKaPtyen","jackie.baker","41384","Black Bean ‘n’ Pumpkin Chili",5
"u_1oKVguRYSeYopnS8TJesoAeBEsd","dylan's mama","41095","Contest-Winning New England Clam Chowder",4.88412521049508
"u_1oKVguRYSeYopnS8TJesoAeBEsd","dylan's mama","33457","Chunky Apple Cake",4.74865124502514
"u_1oKVguRYSeYopnS8TJesoAeBEsd","dylan's mama","32248","Smothered Chicken Breasts",4.46521252355125
"u_1oKVguRYSeYopnS8TJesoAeBEsd","dylan's mama","12003","Traditional Lasagna",4.42288636597483
"u_1oKVguRYSeYopnS8TJesoAeBEsd","dylan's mama","15805","Bruschetta Chicken",4.28199150064537
"u_1oKVh5D1KoqTVfWyUUiSfdXoba8","lberry222","1693","Moist Chocolate Cake",5
"u_1oKVh5D1KoqTVfWyUUiSfdXoba8","lberry222","33121","Chocolate Chip Oatmeal Cookies",5
"u_1oKVh5D1KoqTVfWyUUiSfdXoba8","lberry222","4383","First-Place Coconut Macaroons",5
"u_1oKVh5D1KoqTVfWyUUiSfdXoba8","lberry222","74724","Chocolate Guinness Cake",5
"u_1oKVh5D1KoqTVfWyUUiSfdXoba8","lberry222","41095","Contest-Winning New England Clam Chowder",5
"u_1oKVhAnfv5dKzMX0nkisSa62Qqe","skymom747","9010","Favorite Dutch Apple Pie",5
"u_1oKVhAnfv5dKzMX0nkisSa62Qqe","skymom747","32264","Easy Chicken Enchiladas",5
"u_1oKVhAnfv5dKzMX0nkisSa62Qqe","skymom747","27434","Asian Chicken Thighs",5
"u_1oKVhAnfv5dKzMX0nkisSa62Qqe","skymom747","74724","Chocolate Guinness Cake",5
"u_1oKVhAnfv5dKzMX0nkisSa62Qqe","skymom747","41095","Contest-Winning New England Clam Chowder",5
"u_1oKVhIJMuUlrSCVkbO1jheVTol8","fhquilting","11767","Quick Cream of Mushroom Soup",5
"u_1oKVhIJMuUlrSCVkbO1jheVTol8","fhquilting","957","Sandy’s Chocolate Cake",5
"u_1oKVhIJMuUlrSCVkbO1jheVTol8","fhquilting","18341","Bacon Macaroni Salad",5
"u_1oKVhIJMuUlrSCVkbO1jheVTol8","fhquilting","23222","Baked Mushroom Chicken",5
"u_1oKVhIJMuUlrSCVkbO1jheVTol8","fhquilting","14600","Buttery Cornbread",5
"u_1oKVhO9GT0VLbyqNEdgVWFmaWHQ","mom5","2912","Zucchini Pizza Casserole",5
"u_1oKVhO9GT0VLbyqNEdgVWFmaWHQ","mom5","8431","Rhubarb Custard Bars",5
"u_1oKVhO9GT0VLbyqNEdgVWFmaWHQ","mom5","100276","Grilled Huli Huli Chicken",5
"u_1oKVhO9GT0VLbyqNEdgVWFmaWHQ","mom5","12700","Big Soft Ginger Cookies",5
"u_1oKVhO9GT0VLbyqNEdgVWFmaWHQ","mom5","9735","Comforting Chicken Noodle Soup",5
"u_1oKViYcsgLsMPuJqQWcDav8rnWB","dschultz01","17826","Amish Breakfast Casserole",5
"u_1oKViYcsgLsMPuJqQWcDav8rnWB","dschultz01","38550","Special Banana Nut Bread",5
"u_1oKViYcsgLsMPuJqQWcDav8rnWB","dschultz01","3683","Caramel Heavenlies",5
"u_1oKViYcsgLsMPuJqQWcDav8rnWB","dschultz01","386","Hot Milk Cake",5
"u_1oKViYcsgLsMPuJqQWcDav8rnWB","dschultz01","1063","Frosted Banana Bars",5
"u_1oKViZqFyu7eRX3RzHbrCbYg7wh","amehart","386","Hot Milk Cake",5
"u_1oKViZqFyu7eRX3RzHbrCbYg7wh","amehart","17826","Amish Breakfast Casserole",5
"u_1oKViZqFyu7eRX3RzHbrCbYg7wh","amehart","7708","Basic Banana Muffins",5
"u_1oKViZqFyu7eRX3RzHbrCbYg7wh","amehart","7752","Chocolate Caramel Candy",5
"u_1oKViZqFyu7eRX3RzHbrCbYg7wh","amehart","23222","Baked Mushroom Chicken",5
"u_1oKVipvyDx0tkd5rSny0CXgN98l","smagal","42873","Teriyaki Chicken Thighs",4.7850947247968
"u_1oKVipvyDx0tkd5rSny0CXgN98l","smagal","1152","Pork Chops with Scalloped Potatoes",4.62054969267986
"u_1oKVipvyDx0tkd5rSny0CXgN98l","smagal","12259","Banana Bars with Cream Cheese Frosting",4.60185589250437
"u_1oKVipvyDx0tkd5rSny0CXgN98l","smagal","39334","Chicken Penne Casserole",4.58988656508979
"u_1oKVipvyDx0tkd5rSny0CXgN98l","smagal","20170","Taco Lasagna",4.5617711057057
"u_1oKVixEM1DsaUDufXWnlPKtkOYp","redmonc1","2912","Zucchini Pizza Casserole",5
"u_1oKVixEM1DsaUDufXWnlPKtkOYp","redmonc1","43675","Macaroni Coleslaw",5
"u_1oKVixEM1DsaUDufXWnlPKtkOYp","redmonc1","38183","Baked Tilapia",5
"u_1oKVixEM1DsaUDufXWnlPKtkOYp","redmonc1","12003","Traditional Lasagna",5
"u_1oKVixEM1DsaUDufXWnlPKtkOYp","redmonc1","12700","Big Soft Ginger Cookies",5
"u_1oKVjJFceQBLKtLQqeud0WdLpWC","lvarner","957","Sandy’s Chocolate Cake",5
"u_1oKVjJFceQBLKtLQqeud0WdLpWC","lvarner","4444","Strawberry Pretzel Salad",5
"u_1oKVjJFceQBLKtLQqeud0WdLpWC","lvarner","3143","Pumpkin Bars",5
"u_1oKVjJFceQBLKtLQqeud0WdLpWC","lvarner","11767","Quick Cream of Mushroom Soup",5
"u_1oKVjJFceQBLKtLQqeud0WdLpWC","lvarner","141947","Ham and Swiss Sliders",5
"u_1oKVjLwkmFxMFBjxz6AdVKFxS92","pschube","42873","Teriyaki Chicken Thighs",5
"u_1oKVjLwkmFxMFBjxz6AdVKFxS92","pschube","1196","Pumpkin Bread",5
"u_1oKVjLwkmFxMFBjxz6AdVKFxS92","pschube","7752","Chocolate Caramel Candy",5
"u_1oKVjLwkmFxMFBjxz6AdVKFxS92","pschube","9010","Favorite Dutch Apple Pie",5
"u_1oKVjLwkmFxMFBjxz6AdVKFxS92","pschube","7178","Zucchini Cupcake",5
"u_1oKVjsyb4yvVgYiypxsW80FDRIK","joycerm53","17826","Amish Breakfast Casserole",5
"u_1oKVjsyb4yvVgYiypxsW80FDRIK","joycerm53","11767","Quick Cream of Mushroom Soup",5
"u_1oKVjsyb4yvVgYiypxsW80FDRIK","joycerm53","1196","Pumpkin Bread",5
"u_1oKVjsyb4yvVgYiypxsW80FDRIK","joycerm53","18341","Bacon Macaroni Salad",5
"u_1oKVjsyb4yvVgYiypxsW80FDRIK","joycerm53","32480","Basic Homemade Bread",5
"u_1oKVkKJDvEFQKZM2b62wueqCvQX","hchambers","11767","Quick Cream of Mushroom Soup",5
"u_1oKVkKJDvEFQKZM2b62wueqCvQX","hchambers","7708","Basic Banana Muffins",5
"u_1oKVkKJDvEFQKZM2b62wueqCvQX","hchambers","43675","Macaroni Coleslaw",5
"u_1oKVkKJDvEFQKZM2b62wueqCvQX","hchambers","36450","Fluffy Key Lime Pie",5
"u_1oKVkKJDvEFQKZM2b62wueqCvQX","hchambers","17310","Seafood Lasagna",5
"u_1oKVlSUIbWEOUoajBNtwpsR6ElO","wombie","20170","Taco Lasagna",5
"u_1oKVlSUIbWEOUoajBNtwpsR6ElO","wombie","27696","Flavorful Pot Roast",5
"u_1oKVlSUIbWEOUoajBNtwpsR6ElO","wombie","386","Hot Milk Cake",5
"u_1oKVlSUIbWEOUoajBNtwpsR6ElO","wombie","8431","Rhubarb Custard Bars",5
"u_1oKVlSUIbWEOUoajBNtwpsR6ElO","wombie","12700","Big Soft Ginger Cookies",5
"u_1oKVlVN5Xtktc5Dc20w7SEmJLsz","puppypal81","23222","Baked Mushroom Chicken",5
"u_1oKVlVN5Xtktc5Dc20w7SEmJLsz","puppypal81","8431","Rhubarb Custard Bars",5
"u_1oKVlVN5Xtktc5Dc20w7SEmJLsz","puppypal81","41101","Rustic Italian Tortellini Soup",5
"u_1oKVlVN5Xtktc5Dc20w7SEmJLsz","puppypal81","11767","Quick Cream of Mushroom Soup",5
"u_1oKVlVN5Xtktc5Dc20w7SEmJLsz","puppypal81","9735","Comforting Chicken Noodle Soup",5
"u_1oKVmOXwePvufi7CzDQSY5YeJeD","recipehound54","12540","Flavorful Chicken Fajitas",5
"u_1oKVmOXwePvufi7CzDQSY5YeJeD","recipehound54","24886","Chicken and Dumplings",5
"u_1oKVmOXwePvufi7CzDQSY5YeJeD","recipehound54","7539","Fluffy Pancakes",5
"u_1oKVmOXwePvufi7CzDQSY5YeJeD","recipehound54","32248","Smothered Chicken Breasts",5
"u_1oKVmOXwePvufi7CzDQSY5YeJeD","recipehound54","1063","Frosted Banana Bars",5
"u_1oKVmW9kNgm2BCTgKMambA3HuLa","Robby1","2912","Zucchini Pizza Casserole",5
"u_1oKVmW9kNgm2BCTgKMambA3HuLa","Robby1","17826","Amish Breakfast Casserole",5
"u_1oKVmW9kNgm2BCTgKMambA3HuLa","Robby1","41101","Rustic Italian Tortellini Soup",5
"u_1oKVmW9kNgm2BCTgKMambA3HuLa","Robby1","9735","Comforting Chicken Noodle Soup",5
"u_1oKVmW9kNgm2BCTgKMambA3HuLa","Robby1","14299","Creamy White Chili",5
"u_1oKVmrpQvTsv8GyS1JiA39K9QuI","ryanswife","3683","Caramel Heavenlies",5
"u_1oKVmrpQvTsv8GyS1JiA39K9QuI","ryanswife","16458","Cherry Bars",4.87591641088554
"u_1oKVmrpQvTsv8GyS1JiA39K9QuI","ryanswife","42873","Teriyaki Chicken Thighs",4.65164018077775
"u_1oKVmrpQvTsv8GyS1JiA39K9QuI","ryanswife","386","Hot Milk Cake",4.5856633816787
"u_1oKVmrpQvTsv8GyS1JiA39K9QuI","ryanswife","32480","Basic Homemade Bread",4.54974426281877
"u_1oKVmtlZB6RLsJRElzuPHihJyMW","lettuceleaf","9735","Comforting Chicken Noodle Soup",5
"u_1oKVmtlZB6RLsJRElzuPHihJyMW","lettuceleaf","14299","Creamy White Chili",5
"u_1oKVmtlZB6RLsJRElzuPHihJyMW","lettuceleaf","12540","Flavorful Chicken Fajitas",5
"u_1oKVmtlZB6RLsJRElzuPHihJyMW","lettuceleaf","4383","First-Place Coconut Macaroons",5
"u_1oKVmtlZB6RLsJRElzuPHihJyMW","lettuceleaf","191775","Egg Roll Noodle Bowl",5
"u_1oKVmxKa8OSdxKfiCCutej4RTXe","Punkyjoe81","8015","Easy Peanut Butter Fudge",5
"u_1oKVmxKa8OSdxKfiCCutej4RTXe","Punkyjoe81","12700","Big Soft Ginger Cookies",5
"u_1oKVmxKa8OSdxKfiCCutej4RTXe","Punkyjoe81","7752","Chocolate Caramel Candy",5
"u_1oKVmxKa8OSdxKfiCCutej4RTXe","Punkyjoe81","141947","Ham and Swiss Sliders",5
"u_1oKVmxKa8OSdxKfiCCutej4RTXe","Punkyjoe81","41384","Black Bean ‘n’ Pumpkin Chili",5
"u_1oKVnDTBynh3GZL5KCHHy0oVJ2e","christycincy","42386","Pumpkin Spice Cupcakes with Cream Cheese Frosting",5
"u_1oKVnDTBynh3GZL5KCHHy0oVJ2e","christycincy","28058","Shrimp Scampi",5
"u_1oKVnDTBynh3GZL5KCHHy0oVJ2e","christycincy","32264","Easy Chicken Enchiladas",5
"u_1oKVnDTBynh3GZL5KCHHy0oVJ2e","christycincy","41384","Black Bean ‘n’ Pumpkin Chili",5
"u_1oKVnDTBynh3GZL5KCHHy0oVJ2e","christycincy","36450","Fluffy Key Lime Pie",5
"u_1oKVog5ebEbZs6OrSQi2WiQO3IJ","deb9962","17310","Seafood Lasagna",5
"u_1oKVog5ebEbZs6OrSQi2WiQO3IJ","deb9962","33206","Pineapple Orange Cake",5
"u_1oKVog5ebEbZs6OrSQi2WiQO3IJ","deb9962","1152","Pork Chops with Scalloped Potatoes",5
"u_1oKVog5ebEbZs6OrSQi2WiQO3IJ","deb9962","9010","Favorite Dutch Apple Pie",5
"u_1oKVog5ebEbZs6OrSQi2WiQO3IJ","deb9962","36450","Fluffy Key Lime Pie",5
"u_1oKVqGqZYfHdhm0wSMWvjxjISiH","dlindenf","46655","Chocolate-Strawberry Celebration Cake",5
"u_1oKVqGqZYfHdhm0wSMWvjxjISiH","dlindenf","3143","Pumpkin Bars",5
"u_1oKVqGqZYfHdhm0wSMWvjxjISiH","dlindenf","18345","Simple Au Gratin Potatoes",5
"u_1oKVqGqZYfHdhm0wSMWvjxjISiH","dlindenf","16579","Chicken Wild Rice Soup",5
"u_1oKVqGqZYfHdhm0wSMWvjxjISiH","dlindenf","1693","Moist Chocolate Cake",5
"u_1oKVqngNLArIgGlhzsWg4bc2s2n","daisey5","24886","Chicken and Dumplings",5
"u_1oKVqngNLArIgGlhzsWg4bc2s2n","daisey5","100276","Grilled Huli Huli Chicken",5
"u_1oKVqngNLArIgGlhzsWg4bc2s2n","daisey5","17826","Amish Breakfast Casserole",5
"u_1oKVqngNLArIgGlhzsWg4bc2s2n","daisey5","42386","Pumpkin Spice Cupcakes with Cream Cheese Frosting",5
"u_1oKVqngNLArIgGlhzsWg4bc2s2n","daisey5","11767","Quick Cream of Mushroom Soup",5
"u_1oKVr0FIiKTNe84vUuYXGEKMHfD","gooch621","2912","Zucchini Pizza Casserole",5
"u_1oKVr0FIiKTNe84vUuYXGEKMHfD","gooch621","36450","Fluffy Key Lime Pie",5
"u_1oKVr0FIiKTNe84vUuYXGEKMHfD","gooch621","6086","Apple Pie",5
"u_1oKVr0FIiKTNe84vUuYXGEKMHfD","gooch621","3290","Brown Sugar Oatmeal Pancakes",5
"u_1oKVr0FIiKTNe84vUuYXGEKMHfD","gooch621","41095","Contest-Winning New England Clam Chowder",5
"u_1oKVr1KZO6Hglv7pX2kjGZPDfYx","SDawsonH","46655","Chocolate-Strawberry Celebration Cake",5
"u_1oKVr1KZO6Hglv7pX2kjGZPDfYx","SDawsonH","27675","Peanut Butter Cup Cheesecake",5
"u_1oKVr1KZO6Hglv7pX2kjGZPDfYx","SDawsonH","74724","Chocolate Guinness Cake",4.95732263667128
"u_1oKVr1KZO6Hglv7pX2kjGZPDfYx","SDawsonH","1081","Baked Spaghetti",4.95322387729931
"u_1oKVr1KZO6Hglv7pX2kjGZPDfYx","SDawsonH","32264","Easy Chicken Enchiladas",4.95110290845964
"u_1oKVrMJdlZ1ba6fEbSkCSCgCDzJ","Corwin44","21444","Favorite Chicken Potpie",4.86687061268278
"u_1oKVrMJdlZ1ba6fEbSkCSCgCDzJ","Corwin44","1821","Blueberry French Toast",4.8573201532043
"u_1oKVrMJdlZ1ba6fEbSkCSCgCDzJ","Corwin44","1196","Pumpkin Bread",4.84071575987594
"u_1oKVrMJdlZ1ba6fEbSkCSCgCDzJ","Corwin44","3309","Best Ever Banana Bread",4.82303076895512
"u_1oKVrMJdlZ1ba6fEbSkCSCgCDzJ","Corwin44","15805","Bruschetta Chicken",4.80927015471605
"u_1oKVs0hze41xpDnpa25yOfyifOa","dmkinsey","4383","First-Place Coconut Macaroons",5
"u_1oKVs0hze41xpDnpa25yOfyifOa","dmkinsey","45495","Gluten-Free Banana Bread",5
"u_1oKVs0hze41xpDnpa25yOfyifOa","dmkinsey","17022","Vegetarian Linguine",5
"u_1oKVs0hze41xpDnpa25yOfyifOa","dmkinsey","74724","Chocolate Guinness Cake",4.90423982923591
"u_1oKVs0hze41xpDnpa25yOfyifOa","dmkinsey","14600","Buttery Cornbread",4.87299189708424
"u_1oKVtAg0t7NPnABB18oDt4EaTt6","macaroni girl","21444","Favorite Chicken Potpie",5
"u_1oKVtAg0t7NPnABB18oDt4EaTt6","macaroni girl","2912","Zucchini Pizza Casserole",5
"u_1oKVtAg0t7NPnABB18oDt4EaTt6","macaroni girl","32480","Basic Homemade Bread",5
"u_1oKVtAg0t7NPnABB18oDt4EaTt6","macaroni girl","141947","Ham and Swiss Sliders",5
"u_1oKVtAg0t7NPnABB18oDt4EaTt6","macaroni girl","16579","Chicken Wild Rice Soup",5
"u_1oKVtKkG69EZIRET92IBeZ4fDMf","kcrihfield89","41101","Rustic Italian Tortellini Soup",5
"u_1oKVtKkG69EZIRET92IBeZ4fDMf","kcrihfield89","43675","Macaroni Coleslaw",5
"u_1oKVtKkG69EZIRET92IBeZ4fDMf","kcrihfield89","3309","Best Ever Banana Bread",5
"u_1oKVtKkG69EZIRET92IBeZ4fDMf","kcrihfield89","32264","Easy Chicken Enchiladas",5
"u_1oKVtKkG69EZIRET92IBeZ4fDMf","kcrihfield89","14299","Creamy White Chili",5
"u_1oKVte8ItzQEjMApwm6HL3baRJn","mtorres3","8431","Rhubarb Custard Bars",5
"u_1oKVte8ItzQEjMApwm6HL3baRJn","mtorres3","3309","Best Ever Banana Bread",5
"u_1oKVte8ItzQEjMApwm6HL3baRJn","mtorres3","18274","Ravioli Lasagna",5
"u_1oKVte8ItzQEjMApwm6HL3baRJn","mtorres3","19201","Peanut Butter Chocolate Dessert",5
"u_1oKVte8ItzQEjMApwm6HL3baRJn","mtorres3","386","Hot Milk Cake",5
"u_1oKVtgN8zqdum9cajbHYBHjrdLh","vsmith8403","26937","Pineapple Pudding Cake",5
"u_1oKVtgN8zqdum9cajbHYBHjrdLh","vsmith8403","141947","Ham and Swiss Sliders",4.92419189575785
"u_1oKVtgN8zqdum9cajbHYBHjrdLh","vsmith8403","11330","Twice-Baked Potato Casserole",4.92014828189866
"u_1oKVtgN8zqdum9cajbHYBHjrdLh","vsmith8403","3290","Brown Sugar Oatmeal Pancakes",4.91955854365466
"u_1oKVtgN8zqdum9cajbHYBHjrdLh","vsmith8403","386","Hot Milk Cake",4.89912325757599
"u_1oKVw04rGKqNY7MsHAyjzYZnATv","dewflop","27626","Skillet Shepherd’s Pie",5
"u_1oKVw04rGKqNY7MsHAyjzYZnATv","dewflop","16458","Cherry Bars",5
"u_1oKVw04rGKqNY7MsHAyjzYZnATv","dewflop","32535","Creamy Grape Salad",5
"u_1oKVw04rGKqNY7MsHAyjzYZnATv","dewflop","3309","Best Ever Banana Bread",5
"u_1oKVw04rGKqNY7MsHAyjzYZnATv","dewflop","32480","Basic Homemade Bread",5
"u_1oKVyRJPymM0gqQgaXO2kbAAFwF","skipperstrucking","19731","Cauliflower Soup",5
"u_1oKVyRJPymM0gqQgaXO2kbAAFwF","skipperstrucking","2912","Zucchini Pizza Casserole",5
"u_1oKVyRJPymM0gqQgaXO2kbAAFwF","skipperstrucking","8431","Rhubarb Custard Bars",5
"u_1oKVyRJPymM0gqQgaXO2kbAAFwF","skipperstrucking","42386","Pumpkin Spice Cupcakes with Cream Cheese Frosting",5
"u_1oKVyRJPymM0gqQgaXO2kbAAFwF","skipperstrucking","41101","Rustic Italian Tortellini Soup",5
"u_1oKVyS7GaGSCgbaAJtr1jBji3K3","krysfielder","27434","Asian Chicken Thighs",5
"u_1oKVyS7GaGSCgbaAJtr1jBji3K3","krysfielder","45495","Gluten-Free Banana Bread",5
"u_1oKVyS7GaGSCgbaAJtr1jBji3K3","krysfielder","26937","Pineapple Pudding Cake",5
"u_1oKVyS7GaGSCgbaAJtr1jBji3K3","krysfielder","4383","First-Place Coconut Macaroons",4.96267147376803
"u_1oKVyS7GaGSCgbaAJtr1jBji3K3","krysfielder","7752","Chocolate Caramel Candy",4.94570943993429
"u_1oKVzf6vrI53k5dGaPcZuT2uGIE","brunoite","32480","Basic Homemade Bread",5
"u_1oKVzf6vrI53k5dGaPcZuT2uGIE","brunoite","11588","Slow-Cooker Lasagna",5
"u_1oKVzf6vrI53k5dGaPcZuT2uGIE","brunoite","38183","Baked Tilapia",5
"u_1oKVzf6vrI53k5dGaPcZuT2uGIE","brunoite","35948","Caramel-Pecan Cheesecake Pie",5
"u_1oKVzf6vrI53k5dGaPcZuT2uGIE","brunoite","41095","Contest-Winning New England Clam Chowder",5
"u_1oKVzzhQ7Qmyjx27DGIjdh5AAX6","Lawler67","17022","Vegetarian Linguine",5
"u_1oKVzzhQ7Qmyjx27DGIjdh5AAX6","Lawler67","12700","Big Soft Ginger Cookies",5
"u_1oKVzzhQ7Qmyjx27DGIjdh5AAX6","Lawler67","17826","Amish Breakfast Casserole",5
"u_1oKVzzhQ7Qmyjx27DGIjdh5AAX6","Lawler67","11767","Quick Cream of Mushroom Soup",5
"u_1oKVzzhQ7Qmyjx27DGIjdh5AAX6","Lawler67","9735","Comforting Chicken Noodle Soup",5
"u_1oKW1uHioW87EwnYyR5QpKXLnRt","grjen","26937","Pineapple Pudding Cake",4
"u_1oKW1uHioW87EwnYyR5QpKXLnRt","grjen","17022","Vegetarian Linguine",4
"u_1oKW1uHioW87EwnYyR5QpKXLnRt","grjen","4383","First-Place Coconut Macaroons",3.99509473332554
"u_1oKW1uHioW87EwnYyR5QpKXLnRt","grjen","1324","Porcupine Meatballs",3.98053242887563
"u_1oKW1uHioW87EwnYyR5QpKXLnRt","grjen","46655","Chocolate-Strawberry Celebration Cake",3.97337664895922
"u_1oKW52plcbIyxpyFLgas9l2HjmM","Grace1018","35766","Cheeseburger Paradise Soup",4.9942804569893
"u_1oKW52plcbIyxpyFLgas9l2HjmM","Grace1018","957","Sandy’s Chocolate Cake",4.91133325388287
"u_1oKW52plcbIyxpyFLgas9l2HjmM","Grace1018","12700","Big Soft Ginger Cookies",4.89438532013217
"u_1oKW52plcbIyxpyFLgas9l2HjmM","Grace1018","6086","Apple Pie",4.8828108450156
"u_1oKW52plcbIyxpyFLgas9l2HjmM","Grace1018","10248","Garlic Beef Enchiladas",4.88115266681641
"u_1oKW5Bz7x8XFcGdfFTPcRGb5Kwo","dyeide","1821","Blueberry French Toast",5
"u_1oKW5Bz7x8XFcGdfFTPcRGb5Kwo","dyeide","386","Hot Milk Cake",5
"u_1oKW5Bz7x8XFcGdfFTPcRGb5Kwo","dyeide","39334","Chicken Penne Casserole",5
"u_1oKW5Bz7x8XFcGdfFTPcRGb5Kwo","dyeide","100276","Grilled Huli Huli Chicken",5
"u_1oKW5Bz7x8XFcGdfFTPcRGb5Kwo","dyeide","42386","Pumpkin Spice Cupcakes with Cream Cheese Frosting",5
"u_1oKW5Ww9pUss4GcDxbyCTeEl8ed","bernerlover","16458","Cherry Bars",5
"u_1oKW5Ww9pUss4GcDxbyCTeEl8ed","bernerlover","18345","Simple Au Gratin Potatoes",5
"u_1oKW5Ww9pUss4GcDxbyCTeEl8ed","bernerlover","17826","Amish Breakfast Casserole",5
"u_1oKW5Ww9pUss4GcDxbyCTeEl8ed","bernerlover","18341","Bacon Macaroni Salad",5
"u_1oKW5Ww9pUss4GcDxbyCTeEl8ed","bernerlover","32480","Basic Homemade Bread",5
"u_1oKW7jw4UcoJM2s1kLccbc04DxA","mimirita","8431","Rhubarb Custard Bars",5
"u_1oKW7jw4UcoJM2s1kLccbc04DxA","mimirita","7752","Chocolate Caramel Candy",5
"u_1oKW7jw4UcoJM2s1kLccbc04DxA","mimirita","26937","Pineapple Pudding Cake",5
"u_1oKW7jw4UcoJM2s1kLccbc04DxA","mimirita","74724","Chocolate Guinness Cake",5
"u_1oKW7jw4UcoJM2s1kLccbc04DxA","mimirita","27675","Peanut Butter Cup Cheesecake",5
"u_1oKW9YK3Oqs76znJ051Lt8zISz8","agnes24","17826","Amish Breakfast Casserole",5
"u_1oKW9YK3Oqs76znJ051Lt8zISz8","agnes24","42386","Pumpkin Spice Cupcakes with Cream Cheese Frosting",5
"u_1oKW9YK3Oqs76znJ051Lt8zISz8","agnes24","7708","Basic Banana Muffins",5
"u_1oKW9YK3Oqs76znJ051Lt8zISz8","agnes24","1196","Pumpkin Bread",5
"u_1oKW9YK3Oqs76znJ051Lt8zISz8","agnes24","1152","Pork Chops with Scalloped Potatoes",5
"u_1oKWAnqYaa1sJNDoGW8RjJovT93","Sunshinebakerpa","45495","Gluten-Free Banana Bread",5
"u_1oKWAnqYaa1sJNDoGW8RjJovT93","Sunshinebakerpa","4383","First-Place Coconut Macaroons",5
"u_1oKWAnqYaa1sJNDoGW8RjJovT93","Sunshinebakerpa","42873","Teriyaki Chicken Thighs",5
"u_1oKWAnqYaa1sJNDoGW8RjJovT93","Sunshinebakerpa","32480","Basic Homemade Bread",5
"u_1oKWAnqYaa1sJNDoGW8RjJovT93","Sunshinebakerpa","33206","Pineapple Orange Cake",4.97210450918002
"u_1oKWBfBDTdjRiXVXeYvASif4lvC","katecrid47","41384","Black Bean ‘n’ Pumpkin Chili",5
"u_1oKWBfBDTdjRiXVXeYvASif4lvC","katecrid47","31278","Corn Pudding",5
"u_1oKWBfBDTdjRiXVXeYvASif4lvC","katecrid47","28058","Shrimp Scampi",5
"u_1oKWBfBDTdjRiXVXeYvASif4lvC","katecrid47","2832","Cheeseburger Soup",5
"u_1oKWBfBDTdjRiXVXeYvASif4lvC","katecrid47","32480","Basic Homemade Bread",5
"u_1oKWEDb1uiceKbKYoIfKHauuT8r","Spooky123","4444","Strawberry Pretzel Salad",5
"u_1oKWEDb1uiceKbKYoIfKHauuT8r","Spooky123","36217","Creamy Macaroni and Cheese",5
"u_1oKWEDb1uiceKbKYoIfKHauuT8r","Spooky123","27626","Skillet Shepherd’s Pie",5
"u_1oKWEDb1uiceKbKYoIfKHauuT8r","Spooky123","32264","Easy Chicken Enchiladas",5
"u_1oKWEDb1uiceKbKYoIfKHauuT8r","Spooky123","7539","Fluffy Pancakes",5
"u_1oKWFf1uZU0T0dGwHm5YPGyH9eB","meliss.beyer","46655","Chocolate-Strawberry Celebration Cake",5
"u_1oKWFf1uZU0T0dGwHm5YPGyH9eB","meliss.beyer","33743","Tennessee Peach Pudding",5
"u_1oKWFf1uZU0T0dGwHm5YPGyH9eB","meliss.beyer","27675","Peanut Butter Cup Cheesecake",5
"u_1oKWFf1uZU0T0dGwHm5YPGyH9eB","meliss.beyer","17022","Vegetarian Linguine",5
"u_1oKWFf1uZU0T0dGwHm5YPGyH9eB","meliss.beyer","33206","Pineapple Orange Cake",4.99496581277472
"u_1oKWIHTpZVWE78BzXlFv9wIfWFR","Peapod0114","4383","First-Place Coconut Macaroons",5
"u_1oKWIHTpZVWE78BzXlFv9wIfWFR","Peapod0114","35948","Caramel-Pecan Cheesecake Pie",5
"u_1oKWIHTpZVWE78BzXlFv9wIfWFR","Peapod0114","46655","Chocolate-Strawberry Celebration Cake",4.98593748407703
"u_1oKWIHTpZVWE78BzXlFv9wIfWFR","Peapod0114","74724","Chocolate Guinness Cake",4.95842700260998
"u_1oKWIHTpZVWE78BzXlFv9wIfWFR","Peapod0114","11330","Twice-Baked Potato Casserole",4.94304442544516
"u_1oKWL4CuzpDylhkntiO5c7Yv2Jl","cbybee","36217","Creamy Macaroni and Cheese",5
"u_1oKWL4CuzpDylhkntiO5c7Yv2Jl","cbybee","8431","Rhubarb Custard Bars",5
"u_1oKWL4CuzpDylhkntiO5c7Yv2Jl","cbybee","39334","Chicken Penne Casserole",5
"u_1oKWL4CuzpDylhkntiO5c7Yv2Jl","cbybee","11767","Quick Cream of Mushroom Soup",5
"u_1oKWL4CuzpDylhkntiO5c7Yv2Jl","cbybee","2832","Cheeseburger Soup",5
"u_1oKWWgyoJAqNhh1VGGmFPp24Au9","mrscessna","4383","First-Place Coconut Macaroons",4.89250604201574
"u_1oKWWgyoJAqNhh1VGGmFPp24Au9","mrscessna","24886","Chicken and Dumplings",4.84136730587771
"u_1oKWWgyoJAqNhh1VGGmFPp24Au9","mrscessna","3309","Best Ever Banana Bread",4.83359565226772
"u_1oKWWgyoJAqNhh1VGGmFPp24Au9","mrscessna","46655","Chocolate-Strawberry Celebration Cake",4.78748881550333
"u_1oKWWgyoJAqNhh1VGGmFPp24Au9","mrscessna","17310","Seafood Lasagna",4.77821307318969
"u_1oKWWvykonxY65ADfIjsEU1y3wc","lil momma jenn","9010","Favorite Dutch Apple Pie",4.70655638572552
"u_1oKWWvykonxY65ADfIjsEU1y3wc","lil momma jenn","38550","Special Banana Nut Bread",4.62303945185032
"u_1oKWWvykonxY65ADfIjsEU1y3wc","lil momma jenn","100276","Grilled Huli Huli Chicken",4.4683725372643
"u_1oKWWvykonxY65ADfIjsEU1y3wc","lil momma jenn","41384","Black Bean ‘n’ Pumpkin Chili",4.44887960269603
"u_1oKWWvykonxY65ADfIjsEU1y3wc","lil momma jenn","42873","Teriyaki Chicken Thighs",4.38044072461117
"u_1oKWX52FfgQlAetHgnTqZXRGn6Q","peacharmadillo","386","Hot Milk Cake",5
"u_1oKWX52FfgQlAetHgnTqZXRGn6Q","peacharmadillo","1196","Pumpkin Bread",5
"u_1oKWX52FfgQlAetHgnTqZXRGn6Q","peacharmadillo","43675","Macaroni Coleslaw",5
"u_1oKWX52FfgQlAetHgnTqZXRGn6Q","peacharmadillo","9010","Favorite Dutch Apple Pie",5
"u_1oKWX52FfgQlAetHgnTqZXRGn6Q","peacharmadillo","12347","Creamy Coleslaw",5
"u_1oKX7cV3yzfpMU1TF6lVs1jKwlP","cariboocook","4444","Strawberry Pretzel Salad",5
"u_1oKX7cV3yzfpMU1TF6lVs1jKwlP","cariboocook","42083","Enchilada Casser-Ole!",5
"u_1oKX7cV3yzfpMU1TF6lVs1jKwlP","cariboocook","42386","Pumpkin Spice Cupcakes with Cream Cheese Frosting",5
"u_1oKX7cV3yzfpMU1TF6lVs1jKwlP","cariboocook","11767","Quick Cream of Mushroom Soup",5
"u_1oKX7cV3yzfpMU1TF6lVs1jKwlP","cariboocook","7752","Chocolate Caramel Candy",5
"u_1oKXvXFcvDp4sNo04DNupOqaWWE","CarrieBerry4Chad","957","Sandy’s Chocolate Cake",5
"u_1oKXvXFcvDp4sNo04DNupOqaWWE","CarrieBerry4Chad","12003","Traditional Lasagna",5
"u_1oKXvXFcvDp4sNo04DNupOqaWWE","CarrieBerry4Chad","46655","Chocolate-Strawberry Celebration Cake",5
"u_1oKXvXFcvDp4sNo04DNupOqaWWE","CarrieBerry4Chad","17022","Vegetarian Linguine",5
"u_1oKXvXFcvDp4sNo04DNupOqaWWE","CarrieBerry4Chad","386","Hot Milk Cake",5
"u_1oKbG5jvrFHeG7LCseTkgikAkwH","AllisonWilliamson","2832","Cheeseburger Soup",5
"u_1oKbG5jvrFHeG7LCseTkgikAkwH","AllisonWilliamson","74724","Chocolate Guinness Cake",5
"u_1oKbG5jvrFHeG7LCseTkgikAkwH","AllisonWilliamson","386","Hot Milk Cake",5
"u_1oKbG5jvrFHeG7LCseTkgikAkwH","AllisonWilliamson","8431","Rhubarb Custard Bars",5
"u_1oKbG5jvrFHeG7LCseTkgikAkwH","AllisonWilliamson","11767","Quick Cream of Mushroom Soup",5
"u_7oJ0YWDuESeV","grandmascooking22","39581","Homemade Peanut Butter Cups",5
"u_7oJ0YWDuESeV","grandmascooking22","26937","Pineapple Pudding Cake",5
"u_7oJ0YWDuESeV","grandmascooking22","3683","Caramel Heavenlies",5
"u_7oJ0YWDuESeV","grandmascooking22","4444","Strawberry Pretzel Salad",4.93451030652488
"u_7oJ0YWDuESeV","grandmascooking22","45495","Gluten-Free Banana Bread",4.88714298410372
"u_Z8NvFJwDxp6D","amsm","11767","Quick Cream of Mushroom Soup",5
"u_Z8NvFJwDxp6D","amsm","9735","Comforting Chicken Noodle Soup",5
"u_Z8NvFJwDxp6D","amsm","6086","Apple Pie",5
"u_Z8NvFJwDxp6D","amsm","20170","Taco Lasagna",5
"u_Z8NvFJwDxp6D","amsm","33457","Chunky Apple Cake",5
