"user_id","recipe_code","recipe_name","user_pred","item_pred","actual","error_user","error_item"
"u_1oKVZPP8jYZRYPrNWRdDSTevmF4","12700","Big Soft Ginger Cookies",4,5,5,-1,0
"u_1oKVZPP8jYZRYPrNWRdDSTevmF4","32264","Easy Chicken Enchiladas",4,5,5,-1,8.88178419700125e-16
"u_1oKVZPP8jYZRYPrNWRdDSTevmF4","9010","Favorite Dutch Apple Pie",4,5,5,-1,0
"u_1oKVZT7bnHOk8MH7Aom0wkTCJNo","2912","Zucchini Pizza Casserole",4.58504105137614,4.82592476907551,4,0.585041051376143,0.825924769075509
"u_1oKVZT7bnHOk8MH7Aom0wkTCJNo","19731","Cauliflower Soup",4.55257321815791,4.77247454078188,5,-0.447426781842093,-0.227525459218121
"u_1oKVZT7bnHOk8MH7Aom0wkTCJNo","41384","Black Bean ‘n’ Pumpkin Chili",4.55257321815791,4.43481078105572,2,2.55257321815791,2.43481078105572
"u_1oKVZTHTqi7N4NPqNxPS2XB2asz","19731","Cauliflower Soup",4.06899329535817,4.98994440395758,5,-0.931006704641831,-0.010055596042422
"u_1oKVZTHTqi7N4NPqNxPS2XB2asz","36450","Fluffy Key Lime Pie",4.06899329535817,5,4,0.0689932953581689,1
"u_1oKVZTHTqi7N4NPqNxPS2XB2asz","38183","Baked Tilapia",4.06899329535817,4.44614956088199,5,-0.931006704641831,-0.553850439118013
"u_1oKVZTi0UOjTtdNBtFIYYHyN2x6","39549","Forgotten Jambalaya",3.71750014532532,4.6272578231577,5,-1.28249985467468,-0.372742176842304
"u_1oKVZTi0UOjTtdNBtFIYYHyN2x6","39334","Chicken Penne Casserole",3.66447779442363,4.76872206119739,5,-1.33552220557637,-0.231277938802608
"u_1oKVZTi0UOjTtdNBtFIYYHyN2x6","11588","Slow-Cooker Lasagna",3.66447779442363,4.74714780501052,5,-1.33552220557637,-0.252852194989477
"u_1oKVZUMDcz6fqhcfNkITken7Qof","386","Hot Milk Cake",3.9004036152268,4.81076974110348,4,-0.0995963847731991,0.810769741103484
"u_1oKVZUMDcz6fqhcfNkITken7Qof","9735","Comforting Chicken Noodle Soup",3.9004036152268,4.39791289247431,4,-0.0995963847731991,0.397912892474308
"u_1oKVZUMDcz6fqhcfNkITken7Qof","33121","Chocolate Chip Oatmeal Cookies",3.9004036152268,4.23060125193309,4,-0.0995963847731991,0.230601251933094
"u_1oKVZXzP64U03Y1r3DIJ5He5wZl","8431","Rhubarb Custard Bars",3.28049570455869,2.26617014545769,0,3.28049570455869,2.26617014545769
"u_1oKVZXzP64U03Y1r3DIJ5He5wZl","2832","Cheeseburger Soup",3.28049570455869,2.15795659592526,5,-1.71950429544131,-2.84204340407474
"u_1oKVZXzP64U03Y1r3DIJ5He5wZl","74724","Chocolate Guinness Cake",3.28049570455869,0,0,3.28049570455869,0
"u_1oKVZagX4nkLravRce6v3sDjTYT","9735","Comforting Chicken Noodle Soup",4,5,5,-1,8.88178419700125e-16
"u_1oKVZagX4nkLravRce6v3sDjTYT","1063","Frosted Banana Bars",4,5,5,-1,0
"u_1oKVZagX4nkLravRce6v3sDjTYT","36217","Creamy Macaroni and Cheese",4,5,1,3,4
"u_1oKVZangmN67bJNxpyD1j55VJCj","12700","Big Soft Ginger Cookies",4.29833842667217,4.25127632896629,5,-0.701661573327827,-0.74872367103371
"u_1oKVZangmN67bJNxpyD1j55VJCj","19731","Cauliflower Soup",4.29833842667217,4.44449248680103,5,-0.701661573327827,-0.55550751319897
"u_1oKVZangmN67bJNxpyD1j55VJCj","9739","Best Ever Potato Soup",4.29833842667217,4.88367415762663,4,0.298338426672173,0.883674157626633
"u_1oKVZaxgZr9JqCUTsowfyIT48aS","12700","Big Soft Ginger Cookies",4,5,0,4,5
"u_1oKVZaxgZr9JqCUTsowfyIT48aS","16458","Cherry Bars",4,5,5,-1,0
"u_1oKVZaxgZr9JqCUTsowfyIT48aS","32535","Creamy Grape Salad",4,5,5,-1,0
"u_1oKVZayWppErhTC8Zdspk9bGr7q","2912","Zucchini Pizza Casserole",4.12179142594224,4.5956023084466,4,0.121791425942241,0.595602308446602
"u_1oKVZayWppErhTC8Zdspk9bGr7q","9010","Favorite Dutch Apple Pie",4.12179142594224,4.40573884699649,4,0.121791425942241,0.405738846996488
"u_1oKVZayWppErhTC8Zdspk9bGr7q","12734","Cheesy Ham Chowder",4.12179142594224,4.29359462669119,4,0.121791425942241,0.293594626691192
"u_1oKVZb4mPvJPUKjhJKYa3BYsPlI","27626","Skillet Shepherd’s Pie",4,5,5,-1,0
"u_1oKVZb4mPvJPUKjhJKYa3BYsPlI","20170","Taco Lasagna",4,5,5,-1,0
"u_1oKVZb4mPvJPUKjhJKYa3BYsPlI","33206","Pineapple Orange Cake",4,5,0,4,5
"u_1oKVZbcNg5NYW87grfhDXNePwbL","32248","Smothered Chicken Breasts",4.12037697787705,5,5,-0.879623022122955,0
"u_1oKVZbcNg5NYW87grfhDXNePwbL","2912","Zucchini Pizza Casserole",4.05098674333118,3.60587188903679,5,-0.949013256668817,-1.39412811096321
"u_1oKVZbcNg5NYW87grfhDXNePwbL","42873","Teriyaki Chicken Thighs",4.05098674333118,4.24084783756815,5,-0.949013256668817,-0.759152162431852
"u_1oKVZd0VlaqtDDqRaaytyYAEs0W","31278","Corn Pudding",4.17136116632567,4.63676874731665,5,-0.828638833674335,-0.363231252683348
"u_1oKVZd0VlaqtDDqRaaytyYAEs0W","7539","Fluffy Pancakes",4.14093718238218,4.06410241552318,5,-0.859062817617821,-0.935897584476824
"u_1oKVZd0VlaqtDDqRaaytyYAEs0W","12259","Banana Bars with Cream Cheese Frosting",4.14093718238218,4.23960326380674,5,-0.859062817617821,-0.760396736193258
"u_1oKVZdmUbQTYMVdbXOpVfRQuHm9","27626","Skillet Shepherd’s Pie",3.63941654117715,4.75874903086364,5,-1.36058345882285,-0.241250969136363
"u_1oKVZdmUbQTYMVdbXOpVfRQuHm9","23222","Baked Mushroom Chicken",3.63941654117715,4.82700797258495,5,-1.36058345882285,-0.172992027415047
"u_1oKVZdmUbQTYMVdbXOpVfRQuHm9","20170","Taco Lasagna",3.63941654117715,4.2468922301006,5,-1.36058345882285,-0.753107769899401
"u_1oKVZdntxwYzxksw1IqW0kld9jH","2912","Zucchini Pizza Casserole",4,5,5,-1,0
"u_1oKVZdntxwYzxksw1IqW0kld9jH","12347","Creamy Coleslaw",4,5,5,-1,0
"u_1oKVZdntxwYzxksw1IqW0kld9jH","8015","Easy Peanut Butter Fudge",4,5,3,1,2
"u_1oKVZeBF1kxL7nJslWTFvZBiWnF","100276","Grilled Huli Huli Chicken",4.06404852950402,4.69580813458035,5,-0.935951470495981,-0.304191865419652
"u_1oKVZeBF1kxL7nJslWTFvZBiWnF","19731","Cauliflower Soup",4.06404852950402,4.5725965342274,5,-0.935951470495981,-0.427403465772597
"u_1oKVZeBF1kxL7nJslWTFvZBiWnF","82745","Mamaw Emily’s Strawberry Cake",4.06404852950402,4.38909046043516,4,0.064048529504019,0.389090460435164
"u_1oKVZfPfAjHBTg3w5dVHbNyXh0J","41384","Black Bean ‘n’ Pumpkin Chili",4.41888058868527,4.37709442309527,5,-0.581119411314734,-0.62290557690473
"u_1oKVZfPfAjHBTg3w5dVHbNyXh0J","1324","Porcupine Meatballs",4.41888058868527,4.63795100285729,5,-0.581119411314734,-0.362048997142714
"u_1oKVZfPfAjHBTg3w5dVHbNyXh0J","386","Hot Milk Cake",4.20992463819471,4.13463820918891,5,-0.790075361805291,-0.86536179081109
"u_1oKVZfQBhgRUCOwfHv6F4RA51zQ","3058","Winning Apple Crisp",4.14863991062453,4.35076376278066,5,-0.851360089375474,-0.649236237219338
"u_1oKVZfQBhgRUCOwfHv6F4RA51zQ","386","Hot Milk Cake",4.11218886630352,4.80847907541348,5,-0.887811133696481,-0.191520924586522
"u_1oKVZfQBhgRUCOwfHv6F4RA51zQ","18341","Bacon Macaroni Salad",4.11218886630352,4.14759880966386,5,-0.887811133696481,-0.852401190336145
"u_1oKVZg1DVmIpML6RYl0Vhh6hcJm","100276","Grilled Huli Huli Chicken",4,5,5,-1,0
"u_1oKVZg1DVmIpML6RYl0Vhh6hcJm","19731","Cauliflower Soup",4,5,5,-1,-8.88178419700125e-16
"u_1oKVZg1DVmIpML6RYl0Vhh6hcJm","42873","Teriyaki Chicken Thighs",4,5,1,3,4
"u_1oKVZhrnNwRcxmUDVcErr7TGlOt","27626","Skillet Shepherd’s Pie",4,5,5,-1,0
"u_1oKVZhrnNwRcxmUDVcErr7TGlOt","6086","Apple Pie",4,5,5,-1,8.88178419700125e-16
"u_1oKVZhrnNwRcxmUDVcErr7TGlOt","38550","Special Banana Nut Bread",4,5,5,-1,0
"u_1oKVZiDrHBo4Zdm6cgk1gQTUTue","2912","Zucchini Pizza Casserole",3.58467359497151,4.42949942977421,5,-1.41532640502849,-0.570500570225793
"u_1oKVZiDrHBo4Zdm6cgk1gQTUTue","19731","Cauliflower Soup",3.58467359497151,4.68511112495054,4,-0.415326405028487,0.685111124950539
"u_1oKVZiDrHBo4Zdm6cgk1gQTUTue","18274","Ravioli Lasagna",3.58467359497151,5,5,-1.41532640502849,0
"u_1oKVZiIZuaKs3QSzgHgkH01L7pA","2912","Zucchini Pizza Casserole",4,5,5,-1,0
"u_1oKVZiIZuaKs3QSzgHgkH01L7pA","31278","Corn Pudding",4,5,5,-1,0
"u_1oKVZiIZuaKs3QSzgHgkH01L7pA","35766","Cheeseburger Paradise Soup",4,5,5,-1,8.88178419700125e-16
"u_1oKVZibiPJd5Mv0tuRswBqWOVWD","100276","Grilled Huli Huli Chicken",4,5,5,-1,8.88178419700125e-16
"u_1oKVZibiPJd5Mv0tuRswBqWOVWD","32264","Easy Chicken Enchiladas",4,5,5,-1,0
"u_1oKVZibiPJd5Mv0tuRswBqWOVWD","414","Lemon Blueberry Bread",4,5,4,0,0.999999999999999
"u_1oKVZjMqpb2ffF1WdpSK4BVAEa8","28058","Shrimp Scampi",4,5,5,-1,0
"u_1oKVZjMqpb2ffF1WdpSK4BVAEa8","1693","Moist Chocolate Cake",4,5,5,-1,0
"u_1oKVZjMqpb2ffF1WdpSK4BVAEa8","33457","Chunky Apple Cake",4,5,5,-1,0
"u_1oKVZjPKhLDLXjT59RoLFX6cU1D","6504","Mom’s Meat Loaf",4,5,5,-1,0
"u_1oKVZjPKhLDLXjT59RoLFX6cU1D","414","Lemon Blueberry Bread",4,5,5,-1,-8.88178419700125e-16
"u_1oKVZjPKhLDLXjT59RoLFX6cU1D","3143","Pumpkin Bars",4,5,5,-1,0
"u_1oKVZjhJTlE5YiXkfXN8aXlWlCt","12540","Flavorful Chicken Fajitas",3.8933158034915,3.00921400173558,5,-1.1066841965085,-1.99078599826442
"u_1oKVZjhJTlE5YiXkfXN8aXlWlCt","3058","Winning Apple Crisp",3.8933158034915,4.91831190987828,5,-1.1066841965085,-0.0816880901217161
"u_1oKVZjhJTlE5YiXkfXN8aXlWlCt","34347","Lime Chicken Tacos",3.8933158034915,2.97691439417897,5,-1.1066841965085,-2.02308560582103
"u_1oKVZk5SSueZta9FvIxnrCQtSGW","38550","Special Banana Nut Bread",3.53617451305286,4.39786202040426,5,-1.46382548694714,-0.602137979595737
"u_1oKVZk5SSueZta9FvIxnrCQtSGW","17826","Amish Breakfast Casserole",3.48640678952504,1.99928019286671,5,-1.51359321047496,-3.00071980713329
"u_1oKVZk5SSueZta9FvIxnrCQtSGW","14600","Buttery Cornbread",3.48640678952504,5,5,-1.51359321047496,0
"u_1oKVZkwou43a0PL7Aw0NCrDXTLL","7708","Basic Banana Muffins",4,5,5,-1,0
"u_1oKVZkwou43a0PL7Aw0NCrDXTLL","82745","Mamaw Emily’s Strawberry Cake",4,5,5,-1,0
"u_1oKVZkwou43a0PL7Aw0NCrDXTLL","18345","Simple Au Gratin Potatoes",4,5,5,-1,8.88178419700125e-16
"u_1oKVZlMudnv9nvcRGj6fHB8YogN","100276","Grilled Huli Huli Chicken",4.70300040092578,5,5,-0.296999599074219,0
"u_1oKVZlMudnv9nvcRGj6fHB8YogN","16458","Cherry Bars",4.46900083369146,3,4,0.469000833691464,-1
"u_1oKVZlMudnv9nvcRGj6fHB8YogN","1063","Frosted Banana Bars",4.46900083369146,5,5,-0.530999166308536,0
"u_1oKVZlYEnQRAz1PMlNmla7icLvh","2912","Zucchini Pizza Casserole",3.21191224824919,4.56078180033035,5,-1.78808775175081,-0.439218199669646
"u_1oKVZlYEnQRAz1PMlNmla7icLvh","1063","Frosted Banana Bars",3.21191224824919,4.60061421155751,5,-1.78808775175081,-0.399385788442485
"u_1oKVZlYEnQRAz1PMlNmla7icLvh","45495","Gluten-Free Banana Bread",3.21191224824919,4.46644730592189,5,-1.78808775175081,-0.533552694078105
"u_1oKVZlbJsKnks4yML21aFN0AsFC","12259","Banana Bars with Cream Cheese Frosting",4.1,5,5,-0.9,0
"u_1oKVZlbJsKnks4yML21aFN0AsFC","15805","Bruschetta Chicken",3.6,5,5,-1.4,0
"u_1oKVZlbJsKnks4yML21aFN0AsFC","32535","Creamy Grape Salad",3.6,0,5,-1.4,-5
"u_1oKVZlgwPbb4xAJfv7aJ5rVDToV","1081","Baked Spaghetti",4,2.47348280413539,4,0,-1.52651719586461
"u_1oKVZlgwPbb4xAJfv7aJ5rVDToV","19201","Peanut Butter Chocolate Dessert",4,0.883006575078215,4,0,-3.11699342492178
"u_1oKVZlgwPbb4xAJfv7aJ5rVDToV","18341","Bacon Macaroni Salad",3.9,0.5970431601893,0,3.9,0.5970431601893
"u_1oKVZlqtik5GdyvxcpjrBeLXcAj","7178","Zucchini Cupcake",4,5,5,-1,0
"u_1oKVZlqtik5GdyvxcpjrBeLXcAj","414","Lemon Blueberry Bread",4,5,5,-1,0
"u_1oKVZlqtik5GdyvxcpjrBeLXcAj","19201","Peanut Butter Chocolate Dessert",4,5,5,-1,0
"u_1oKVZm06HuAJvEWFCoYwuCc19vS","8431","Rhubarb Custard Bars",4.04386961777051,0,5,-0.956130382229486,-5
"u_1oKVZm06HuAJvEWFCoYwuCc19vS","1081","Baked Spaghetti",4.04386961777051,5,5,-0.956130382229486,0
"u_1oKVZm06HuAJvEWFCoYwuCc19vS","9739","Best Ever Potato Soup",4.04386961777051,5,5,-0.956130382229486,0
"u_1oKVZm5d8Npa5RlveMvKKkQPaMO","12700","Big Soft Ginger Cookies",3.74957041978282,4.68906689141331,5,-1.25042958021718,-0.310933108586692
"u_1oKVZm5d8Npa5RlveMvKKkQPaMO","7178","Zucchini Cupcake",3.74957041978282,4.71003720999762,5,-1.25042958021718,-0.289962790002382
"u_1oKVZm5d8Npa5RlveMvKKkQPaMO","8015","Easy Peanut Butter Fudge",3.74957041978282,4.25658923576435,5,-1.25042958021718,-0.743410764235645
"u_1oKVZmYPulmUFbvGiBA8U3uRR6D","41101","Rustic Italian Tortellini Soup",4,5,5,-1,-8.88178419700125e-16
"u_1oKVZmYPulmUFbvGiBA8U3uRR6D","43675","Macaroni Coleslaw",4,5,4,0,0.999999999999999
"u_1oKVZmYPulmUFbvGiBA8U3uRR6D","9739","Best Ever Potato Soup",4,5,5,-1,8.88178419700125e-16
"u_1oKVZmwriM0KG2XqP8kbU6HI0zG","957","Sandy’s Chocolate Cake",4,5,5,-1,0
"u_1oKVZmwriM0KG2XqP8kbU6HI0zG","6086","Apple Pie",4,5,5,-1,0
"u_1oKVZmwriM0KG2XqP8kbU6HI0zG","414","Lemon Blueberry Bread",4,5,5,-1,0
"u_1oKVZoIOMWJ2j7TA7py2BIbf1mm","100276","Grilled Huli Huli Chicken",4.44030779518946,4.51438993186238,4,0.440307795189458,0.514389931862379
"u_1oKVZoIOMWJ2j7TA7py2BIbf1mm","7708","Basic Banana Muffins",4.44030779518946,4.79312296281275,5,-0.559692204810542,-0.206877037187247
"u_1oKVZoIOMWJ2j7TA7py2BIbf1mm","6504","Mom’s Meat Loaf",4.44030779518946,4.06092003398378,5,-0.559692204810542,-0.93907996601622
"u_1oKVZoToVmKg9kqZJaYvVAhSJye","9735","Comforting Chicken Noodle Soup",4,5,4,0,1
"u_1oKVZoToVmKg9kqZJaYvVAhSJye","141947","Ham and Swiss Sliders",4,5,5,-1,0
"u_1oKVZoToVmKg9kqZJaYvVAhSJye","19201","Peanut Butter Chocolate Dessert",4,5,5,-1,0
"u_1oKVZouKxf9kEgBI2iNLhgLJaQW","28058","Shrimp Scampi",4,5,5,-1,0
"u_1oKVZouKxf9kEgBI2iNLhgLJaQW","3290","Brown Sugar Oatmeal Pancakes",4,5,4,0,1
"u_1oKVZouKxf9kEgBI2iNLhgLJaQW","10252","Li’l Cheddar Meat Loaves",4,5,5,-1,0
"u_1oKVZpdzBp5PQHOM4PGQOZo1ujc","12700","Big Soft Ginger Cookies",3.46296864854964,4.49597339022008,5,-1.53703135145036,-0.504026609779925
"u_1oKVZpdzBp5PQHOM4PGQOZo1ujc","6504","Mom’s Meat Loaf",3.46296864854964,5,5,-1.53703135145036,-8.88178419700125e-16
"u_1oKVZpdzBp5PQHOM4PGQOZo1ujc","33457","Chunky Apple Cake",3.46296864854964,4.50490839390691,5,-1.53703135145036,-0.495091606093092
"u_1oKVZq0tGK7kyYh5lp0OIz0R5lr","28058","Shrimp Scampi",4,5,5,-1,8.88178419700125e-16
"u_1oKVZq0tGK7kyYh5lp0OIz0R5lr","27434","Asian Chicken Thighs",4,5,5,-1,0
"u_1oKVZq0tGK7kyYh5lp0OIz0R5lr","34347","Lime Chicken Tacos",4,5,5,-1,0
"u_1oKVZq3XZc7rlFFpMKTJiO6avza","12734","Cheesy Ham Chowder",4.21517206065492,5,5,-0.784827939345084,0
"u_1oKVZq3XZc7rlFFpMKTJiO6avza","100276","Grilled Huli Huli Chicken",4.16137904549119,5,5,-0.838620954508813,0
"u_1oKVZq3XZc7rlFFpMKTJiO6avza","21444","Favorite Chicken Potpie",4.16137904549119,3,5,-0.838620954508813,-2
"u_1oKVZq6jGTHyihxoH2RVdJkhrnL","27434","Asian Chicken Thighs",3.82960152223981,5,5,-1.17039847776019,0
"u_1oKVZq6jGTHyihxoH2RVdJkhrnL","7708","Basic Banana Muffins",3.64628702269904,4.45353744762458,5,-1.35371297730096,-0.546462552375418
"u_1oKVZq6jGTHyihxoH2RVdJkhrnL","45495","Gluten-Free Banana Bread",3.64628702269904,4.73771068345336,5,-1.35371297730096,-0.262289316546639
"u_1oKVZrio6gkgxWk5Rf9YriPLADZ","11767","Quick Cream of Mushroom Soup",4.28191917508129,4.8550424577819,5,-0.718080824918713,-0.144957542218098
"u_1oKVZrio6gkgxWk5Rf9YriPLADZ","32264","Easy Chicken Enchiladas",4.28191917508129,4.82996354566987,5,-0.718080824918713,-0.170036454330132
"u_1oKVZrio6gkgxWk5Rf9YriPLADZ","18345","Simple Au Gratin Potatoes",4.28191917508129,4.81033811173005,5,-0.718080824918713,-0.189661888269949
"u_1oKVZrsL1wk4KPtOJ5My718YJcV","100276","Grilled Huli Huli Chicken",3.4159817484112,4.79428064504405,5,-1.5840182515888,-0.205719354955953
"u_1oKVZrsL1wk4KPtOJ5My718YJcV","32264","Easy Chicken Enchiladas",3.4159817484112,5,5,-1.5840182515888,0
"u_1oKVZrsL1wk4KPtOJ5My718YJcV","33743","Tennessee Peach Pudding",3.4159817484112,4.8312862379924,5,-1.5840182515888,-0.1687137620076
"u_1oKVZsc5N0Y7ltHsKAfmNihfU08","17826","Amish Breakfast Casserole",4,5,5,-1,0
"u_1oKVZsc5N0Y7ltHsKAfmNihfU08","7178","Zucchini Cupcake",4,5,0,4,5
"u_1oKVZsc5N0Y7ltHsKAfmNihfU08","34347","Lime Chicken Tacos",4,5,5,-1,0
"u_1oKVZskcWCF2NqqbEvMCAEXAZIG","41101","Rustic Italian Tortellini Soup",4,5,5,-1,0
"u_1oKVZskcWCF2NqqbEvMCAEXAZIG","33457","Chunky Apple Cake",4,5,5,-1,0
"u_1oKVZskcWCF2NqqbEvMCAEXAZIG","27696","Flavorful Pot Roast",4,5,5,-1,0
"u_1oKVZtNaDTX6quIM5AQfn79uJpz","14299","Creamy White Chili",4.5576736832253,4.78342264060992,5,-0.442326316774697,-0.216577359390079
"u_1oKVZtNaDTX6quIM5AQfn79uJpz","10252","Li’l Cheddar Meat Loaves",4.50568087569456,4.83057879167356,5,-0.494319124305444,-0.169421208326435
"u_1oKVZtNaDTX6quIM5AQfn79uJpz","3143","Pumpkin Bars",4.50568087569456,4.74485218667581,5,-0.494319124305444,-0.255147813324192
"u_1oKVZtSdpfy5KrVbAXHeHU0QI4v","39549","Forgotten Jambalaya",4.68452845008862,5,5,-0.315471549911381,8.88178419700125e-16
"u_1oKVZtSdpfy5KrVbAXHeHU0QI4v","2912","Zucchini Pizza Casserole",4.49183992762505,5,5,-0.508160072374948,0
"u_1oKVZtSdpfy5KrVbAXHeHU0QI4v","7178","Zucchini Cupcake",4.49183992762505,5,5,-0.508160072374948,8.88178419700125e-16
"u_1oKVZtjpAd6NHkGeOEGAxusDfKE","41101","Rustic Italian Tortellini Soup",4.19742153969062,4.74456248484083,5,-0.802578460309381,-0.255437515159175
"u_1oKVZtjpAd6NHkGeOEGAxusDfKE","41384","Black Bean ‘n’ Pumpkin Chili",4.19742153969062,5,5,-0.802578460309381,8.88178419700125e-16
"u_1oKVZtjpAd6NHkGeOEGAxusDfKE","12259","Banana Bars with Cream Cheese Frosting",4.19742153969062,4.79942606576209,5,-0.802578460309381,-0.200573934237909
"u_1oKVZtw5YkzvxHnWY47AALJJRN1","7178","Zucchini Cupcake",4.01963692795834,5,5,-0.980363072041664,-8.88178419700125e-16
"u_1oKVZtw5YkzvxHnWY47AALJJRN1","12700","Big Soft Ginger Cookies",3.81589053640632,4.94785349728737,4,-0.184109463593684,0.947853497287372
"u_1oKVZtw5YkzvxHnWY47AALJJRN1","34347","Lime Chicken Tacos",3.81589053640632,4.68994984124776,5,-1.18410946359368,-0.310050158752243
"u_1oKVZuqBVMf8IBAX9Lp2wMHJFOL","2832","Cheeseburger Soup",4,5,5,-1,8.88178419700125e-16
"u_1oKVZuqBVMf8IBAX9Lp2wMHJFOL","12259","Banana Bars with Cream Cheese Frosting",4,5,5,-1,8.88178419700125e-16
"u_1oKVZuqBVMf8IBAX9Lp2wMHJFOL","1821","Blueberry French Toast",4,5,5,-1,0
"u_1oKVZv53OoxaUD2jE14MmsDU0KQ","17826","Amish Breakfast Casserole",4.16075547171556,4.43995038196633,5,-0.83924452828444,-0.560049618033672
"u_1oKVZv53OoxaUD2jE14MmsDU0KQ","16579","Chicken Wild Rice Soup",4.16075547171556,4.79606668643675,5,-0.83924452828444,-0.203933313563252
"u_1oKVZv53OoxaUD2jE14MmsDU0KQ","18345","Simple Au Gratin Potatoes",4.16075547171556,4.58701081891073,5,-0.83924452828444,-0.412989181089274
"u_1oKVZvIFnVLOdDi0G2Umj0dp5NA","957","Sandy’s Chocolate Cake",4,5,5,-1,8.88178419700125e-16
"u_1oKVZvIFnVLOdDi0G2Umj0dp5NA","191775","Egg Roll Noodle Bowl",4,5,5,-1,0
"u_1oKVZvIFnVLOdDi0G2Umj0dp5NA","19201","Peanut Butter Chocolate Dessert",4,5,5,-1,0
"u_1oKVZvcir01Ja6U1XIczcrh8mbP","2832","Cheeseburger Soup",4,5,5,-1,-8.88178419700125e-16
"u_1oKVZvcir01Ja6U1XIczcrh8mbP","82745","Mamaw Emily’s Strawberry Cake",4,5,5,-1,8.88178419700125e-16
"u_1oKVZvcir01Ja6U1XIczcrh8mbP","19201","Peanut Butter Chocolate Dessert",4,5,5,-1,0
"u_1oKVZvePpcZFKcyGItpwrVG5uuq","3309","Best Ever Banana Bread",4.10287830013295,4.49769687905319,5,-0.897121699867045,-0.502303120946809
"u_1oKVZvePpcZFKcyGItpwrVG5uuq","1693","Moist Chocolate Cake",4.10287830013295,4.8819660601861,5,-0.897121699867045,-0.118033939813902
"u_1oKVZvePpcZFKcyGItpwrVG5uuq","33743","Tennessee Peach Pudding",4.10287830013295,4.45785008376839,4,0.102878300132955,0.457850083768387
"u_1oKVZw64NcWNFGjxZOnW3rBaAVY","957","Sandy’s Chocolate Cake",4.64387442742099,4.41244703978287,5,-0.356125572579012,-0.587552960217131
"u_1oKVZw64NcWNFGjxZOnW3rBaAVY","14600","Buttery Cornbread",4.59499477084793,4.53623676972309,5,-0.405005229152066,-0.463763230276908
"u_1oKVZw64NcWNFGjxZOnW3rBaAVY","10248","Garlic Beef Enchiladas",4.59499477084793,4.66627300906253,5,-0.405005229152066,-0.333726990937468
"u_1oKVZw7mrwjQMxXSztLnhcVRC0b","2832","Cheeseburger Soup",4,5,5,-1,0
"u_1oKVZw7mrwjQMxXSztLnhcVRC0b","12540","Flavorful Chicken Fajitas",4,5,5,-1,0
"u_1oKVZw7mrwjQMxXSztLnhcVRC0b","18274","Ravioli Lasagna",4,5,5,-1,0
"u_1oKVZw9BdEJB0t5N5hVkeydkHkg","42386","Pumpkin Spice Cupcakes with Cream Cheese Frosting",3.32655678287335,4.94062125264159,3,0.326556782873347,1.94062125264159
"u_1oKVZw9BdEJB0t5N5hVkeydkHkg","3309","Best Ever Banana Bread",3.32655678287335,4.48644236022983,5,-1.67344321712665,-0.513557639770171
"u_1oKVZw9BdEJB0t5N5hVkeydkHkg","8202","Simple Taco Soup",3.32655678287335,4.33338763766615,5,-1.67344321712665,-0.666612362333849
"u_1oKVZxAOR5BEzyF4H6ENc7jwfUW","7708","Basic Banana Muffins",4.65694612861434,5,5,-0.343053871385657,0
"u_1oKVZxAOR5BEzyF4H6ENc7jwfUW","191775","Egg Roll Noodle Bowl",4.56685856647236,5,5,-0.433141433527644,0
"u_1oKVZxAOR5BEzyF4H6ENc7jwfUW","386","Hot Milk Cake",4.52181478540136,5,5,-0.478185214598637,0
"u_1oKVZxNyweYeP3lQTMS89TQLWg3","2912","Zucchini Pizza Casserole",4,5,5,-1,-1.77635683940025e-15
"u_1oKVZxNyweYeP3lQTMS89TQLWg3","7539","Fluffy Pancakes",4,5,5,-1,8.88178419700125e-16
"u_1oKVZxNyweYeP3lQTMS89TQLWg3","42083","Enchilada Casser-Ole!",4,5,5,-1,0
"u_1oKVZxoUMG63M49Uw51JVZDztTg","100276","Grilled Huli Huli Chicken",4.79997525992884,4.64173014036561,5,-0.200024740071159,-0.358269859634387
"u_1oKVZxoUMG63M49Uw51JVZDztTg","41384","Black Bean ‘n’ Pumpkin Chili",4.79997525992884,4.6302522145405,4,0.799975259928841,0.630252214540505
"u_1oKVZxoUMG63M49Uw51JVZDztTg","12734","Cheesy Ham Chowder",4.79997525992884,4.52916448320267,4,0.799975259928841,0.529164483202673
"u_1oKVZxvqhgInO8WHSN1ysf4eOPN","6504","Mom’s Meat Loaf",4.64015732576259,4.34160913726626,5,-0.359842674237414,-0.658390862733743
"u_1oKVZxvqhgInO8WHSN1ysf4eOPN","15805","Bruschetta Chicken",4.60614746274956,4.98056751332911,4,0.606147462749561,0.980567513329111
"u_1oKVZxvqhgInO8WHSN1ysf4eOPN","10248","Garlic Beef Enchiladas",4.60614746274956,4.78712308054921,4,0.606147462749561,0.787123080549211
"u_1oKVZzhQe2T1Ff5kFXACK2mhXml","8431","Rhubarb Custard Bars",4,5,5,-1,8.88178419700125e-16
"u_1oKVZzhQe2T1Ff5kFXACK2mhXml","15805","Bruschetta Chicken",4,5,5,-1,0
"u_1oKVZzhQe2T1Ff5kFXACK2mhXml","18345","Simple Au Gratin Potatoes",4,5,5,-1,0
"u_1oKVZzipo1u8lcqQzDUcw4UBn9e","386","Hot Milk Cake",4,5,5,-1,0
"u_1oKVZzipo1u8lcqQzDUcw4UBn9e","2832","Cheeseburger Soup",4,5,5,-1,0
"u_1oKVZzipo1u8lcqQzDUcw4UBn9e","6504","Mom’s Meat Loaf",4,5,5,-1,0
"u_1oKVZzjdLKoHGr7ebNDgThVscqd","3058","Winning Apple Crisp",4.41687916905941,5,5,-0.583120830940593,0
"u_1oKVZzjdLKoHGr7ebNDgThVscqd","39334","Chicken Penne Casserole",4.37237805731023,4.80039975865002,5,-0.627621942689768,-0.199600241349976
"u_1oKVZzjdLKoHGr7ebNDgThVscqd","36217","Creamy Macaroni and Cheese",4.37237805731023,4.93299410166766,4,0.372378057310232,0.932994101667658
"u_1oKVa0hThBjc7ljLGxKqdbodLiC","100276","Grilled Huli Huli Chicken",3.3027153675243,4.1567998697284,3,0.302715367524302,1.1567998697284
"u_1oKVa0hThBjc7ljLGxKqdbodLiC","46655","Chocolate-Strawberry Celebration Cake",3.3027153675243,4.87236655962785,5,-1.6972846324757,-0.127633440372153
"u_1oKVa0hThBjc7ljLGxKqdbodLiC","10252","Li’l Cheddar Meat Loaves",3.3027153675243,3.87769671580712,5,-1.6972846324757,-1.12230328419288
"u_1oKVa1kV4MQcOlLwT37VNE3WK7G","3309","Best Ever Banana Bread",4.34939748720161,4.61946042414471,5,-0.650602512798388,-0.38053957585529
"u_1oKVa1kV4MQcOlLwT37VNE3WK7G","3058","Winning Apple Crisp",4.34939748720161,4.51850843734026,4,0.349397487201612,0.51850843734026
"u_1oKVa1kV4MQcOlLwT37VNE3WK7G","414","Lemon Blueberry Bread",4.34939748720161,3.89707582475642,5,-0.650602512798388,-1.10292417524358
"u_1oKVa1vU0P0wtIMwn8FBys0ptHj","2912","Zucchini Pizza Casserole",4,5,5,-1,0
"u_1oKVa1vU0P0wtIMwn8FBys0ptHj","3309","Best Ever Banana Bread",4,5,5,-1,8.88178419700125e-16
"u_1oKVa1vU0P0wtIMwn8FBys0ptHj","27696","Flavorful Pot Roast",4,5,5,-1,8.88178419700125e-16
"u_1oKVa2JLGywqMhph6wvQOMKzSTR","100276","Grilled Huli Huli Chicken",4.53872868778456,5,5,-0.461271312215439,8.88178419700125e-16
"u_1oKVa2JLGywqMhph6wvQOMKzSTR","39545","White Bean Chicken Chili",4.53872868778456,5,5,-0.461271312215439,0
"u_1oKVa2JLGywqMhph6wvQOMKzSTR","8202","Simple Taco Soup",4.53872868778456,4.6003297581219,5,-0.461271312215439,-0.399670241878099
"u_1oKVa2fPtT5nLm5ML0xYxnDMI1T","43675","Macaroni Coleslaw",4,5,5,-1,0
"u_1oKVa2fPtT5nLm5ML0xYxnDMI1T","6504","Mom’s Meat Loaf",4,5,5,-1,0
"u_1oKVa2fPtT5nLm5ML0xYxnDMI1T","42873","Teriyaki Chicken Thighs",4,5,5,-1,0
"u_1oKVa3dm9k4sQJZuEACIlelurOi","100276","Grilled Huli Huli Chicken",4,5,5,-1,0
"u_1oKVa3dm9k4sQJZuEACIlelurOi","14299","Creamy White Chili",4,5,5,-1,0
"u_1oKVa3dm9k4sQJZuEACIlelurOi","32535","Creamy Grape Salad",4,5,5,-1,0
"u_1oKVa4ATHrPZTPOVlxmC5Po5Frt","11588","Slow-Cooker Lasagna",4,5,5,-1,0
"u_1oKVa4ATHrPZTPOVlxmC5Po5Frt","33457","Chunky Apple Cake",4,5,0,4,5
"u_1oKVa4ATHrPZTPOVlxmC5Po5Frt","34347","Lime Chicken Tacos",4,5,5,-1,0
"u_1oKVa4FRbXOpXUvsOeyfhia7y1N","7752","Chocolate Caramel Candy",3.44714426044243,5,5,-1.55285573955757,0
"u_1oKVa4FRbXOpXUvsOeyfhia7y1N","19201","Peanut Butter Chocolate Dessert",3.44714426044243,3,5,-1.55285573955757,-2
"u_1oKVa4FRbXOpXUvsOeyfhia7y1N","8202","Simple Taco Soup",3.44714426044243,3,5,-1.55285573955757,-2
"u_1oKVa4my2LXJ25e5Bd6sxZC37xq","21444","Favorite Chicken Potpie",4.20442709191553,4.51084183762025,5,-0.795572908084468,-0.489158162379746
"u_1oKVa4my2LXJ25e5Bd6sxZC37xq","100276","Grilled Huli Huli Chicken",4.15332031893665,0.783842800742785,5,-0.846679681063351,-4.21615719925722
"u_1oKVa4my2LXJ25e5Bd6sxZC37xq","18345","Simple Au Gratin Potatoes",4.15332031893665,2.65741967134221,5,-0.846679681063351,-2.34258032865779
"u_1oKVa5FSx8thvFfGGM6whXv482h","2912","Zucchini Pizza Casserole",4.23694822559919,4.86742740053263,5,-0.763051774400806,-0.132572599467367
"u_1oKVa5FSx8thvFfGGM6whXv482h","2872","Stuffed Pepper Soup",4.23694822559919,4.77899715451443,5,-0.763051774400806,-0.221002845485569
"u_1oKVa5FSx8thvFfGGM6whXv482h","3683","Caramel Heavenlies",4.23694822559919,4.77117334980521,5,-0.763051774400806,-0.228826650194788
"u_1oKVa5Jp2jnBvdroQIjCdFJTlja","39334","Chicken Penne Casserole",3.65479674355356,4.81335751511536,4,-0.345203256446436,0.813357515115356
"u_1oKVa5Jp2jnBvdroQIjCdFJTlja","11588","Slow-Cooker Lasagna",3.60274415755234,4.79188550221368,4,-0.397255842447664,0.791885502213677
"u_1oKVa5Jp2jnBvdroQIjCdFJTlja","8015","Easy Peanut Butter Fudge",3.60274415755234,4.57174913903569,5,-1.39725584244766,-0.428250860964307
"u_1oKVa5NLV1egNywZ8ZgDzjY2RD7","2912","Zucchini Pizza Casserole",4.31131943098177,4,5,-0.688680569018232,-1
"u_1oKVa5NLV1egNywZ8ZgDzjY2RD7","10252","Li’l Cheddar Meat Loaves",4.31131943098177,5,5,-0.688680569018232,0
"u_1oKVa5NLV1egNywZ8ZgDzjY2RD7","20170","Taco Lasagna",4.31131943098177,4,5,-0.688680569018232,-1
"u_1oKVa5hOY7MtyvqQ30BTNf3M7IM","100276","Grilled Huli Huli Chicken",3.93571649496074,4.60877435897615,5,-1.06428350503926,-0.391225641023852
"u_1oKVa5hOY7MtyvqQ30BTNf3M7IM","12347","Creamy Coleslaw",3.91879430252048,4.97382243429509,5,-1.08120569747952,-0.0261775657049057
"u_1oKVa5hOY7MtyvqQ30BTNf3M7IM","42873","Teriyaki Chicken Thighs",3.91879430252048,4.92487185533129,5,-1.08120569747952,-0.0751281446687129
"u_1oKVa6fb9ZNJkSaFRDQhulUPwsA","17826","Amish Breakfast Casserole",4,5,4,0,1
"u_1oKVa6fb9ZNJkSaFRDQhulUPwsA","36217","Creamy Macaroni and Cheese",4,5,4,0,1
"u_1oKVa6fb9ZNJkSaFRDQhulUPwsA","1081","Baked Spaghetti",4,5,4,0,1
"u_1oKVa7PQ46eJ5al98w2pqcx6Do3","41101","Rustic Italian Tortellini Soup",4.49667590071158,4.77401256704792,3,1.49667590071158,1.77401256704792
"u_1oKVa7PQ46eJ5al98w2pqcx6Do3","18274","Ravioli Lasagna",4.49667590071158,4.27218427579768,5,-0.503324099288425,-0.727815724202316
"u_1oKVa7PQ46eJ5al98w2pqcx6Do3","15805","Bruschetta Chicken",4.48722227331819,4.21798413669071,5,-0.512777726681807,-0.782015863309293
"u_1oKVa8KiHWP3PBt7MOJKhXwO6x2","17826","Amish Breakfast Casserole",4,5,5,-1,0
"u_1oKVa8KiHWP3PBt7MOJKhXwO6x2","18274","Ravioli Lasagna",4,5,5,-1,0
"u_1oKVa8KiHWP3PBt7MOJKhXwO6x2","12259","Banana Bars with Cream Cheese Frosting",4,5,5,-1,0
"u_1oKVa8drJKT1nMPs6MiRlMpNct6","2912","Zucchini Pizza Casserole",3.77773494323851,4.50731682570853,5,-1.22226505676149,-0.492683174291466
"u_1oKVa8drJKT1nMPs6MiRlMpNct6","1081","Baked Spaghetti",3.77773494323851,4.4493698653332,3,0.777734943238506,1.4493698653332
"u_1oKVa8drJKT1nMPs6MiRlMpNct6","45495","Gluten-Free Banana Bread",3.77773494323851,4.36908857484566,5,-1.22226505676149,-0.63091142515434
"u_1oKVaB6ZQlqTQ4BbPF44G6vIKUI","2832","Cheeseburger Soup",4,5,5,-1,0
"u_1oKVaB6ZQlqTQ4BbPF44G6vIKUI","33121","Chocolate Chip Oatmeal Cookies",4,5,5,-1,0
"u_1oKVaB6ZQlqTQ4BbPF44G6vIKUI","21444","Favorite Chicken Potpie",4,5,5,-1,-8.88178419700125e-16
"u_1oKVaBmiEKwAFyiHrDLoWpbel0J","12700","Big Soft Ginger Cookies",4,5,5,-1,0
"u_1oKVaBmiEKwAFyiHrDLoWpbel0J","12734","Cheesy Ham Chowder",4,5,5,-1,0
"u_1oKVaBmiEKwAFyiHrDLoWpbel0J","12259","Banana Bars with Cream Cheese Frosting",4,5,5,-1,-8.88178419700125e-16
"u_1oKVaBrjqaji1sAZvZT8bQa9RG0","14299","Creamy White Chili",4,5,5,-1,-8.88178419700125e-16
"u_1oKVaBrjqaji1sAZvZT8bQa9RG0","3290","Brown Sugar Oatmeal Pancakes",4,5,5,-1,0
"u_1oKVaBrjqaji1sAZvZT8bQa9RG0","19201","Peanut Butter Chocolate Dessert",4,5,5,-1,0
"u_1oKVaDyOmY3BV0mLIx93xFCQ4pX","43675","Macaroni Coleslaw",4,5,5,-1,0
"u_1oKVaDyOmY3BV0mLIx93xFCQ4pX","14600","Buttery Cornbread",4,5,5,-1,0
"u_1oKVaDyOmY3BV0mLIx93xFCQ4pX","3058","Winning Apple Crisp",4,5,3,1,2
"u_1oKVaEfH2JKU7oUNuZb9q2hMf0H","3309","Best Ever Banana Bread",4.67092320951889,4.77447696096279,4,0.67092320951889,0.774476960962788
"u_1oKVaEfH2JKU7oUNuZb9q2hMf0H","41101","Rustic Italian Tortellini Soup",4.53309195790925,4.82757442491834,5,-0.466908042090755,-0.172425575081665
"u_1oKVaEfH2JKU7oUNuZb9q2hMf0H","17022","Vegetarian Linguine",4.53309195790925,5,5,-0.466908042090755,0
"u_1oKVaHCYOV7yGNq91U2fTBqtBPI","2912","Zucchini Pizza Casserole",4.05095813663662,3.44302850863323,4,0.0509581366366234,-0.556971491366771
"u_1oKVaHCYOV7yGNq91U2fTBqtBPI","12003","Traditional Lasagna",4.05095813663662,3.77718005218485,5,-0.949041863363377,-1.22281994781515
"u_1oKVaHCYOV7yGNq91U2fTBqtBPI","20170","Taco Lasagna",4.05095813663662,4.09701282274506,4,0.0509581366366234,0.0970128227450644
"u_1oKVaI9OOe32ErgAhWXd1ZKuaN2","41101","Rustic Italian Tortellini Soup",4,5,5,-1,0
"u_1oKVaI9OOe32ErgAhWXd1ZKuaN2","10252","Li’l Cheddar Meat Loaves",4,5,5,-1,0
"u_1oKVaI9OOe32ErgAhWXd1ZKuaN2","42873","Teriyaki Chicken Thighs",4,5,5,-1,0
"u_1oKVaIrsWHkFypYnwYxZt7cJSKH","41101","Rustic Italian Tortellini Soup",4.56575976374702,4.49086412108489,5,-0.434240236252982,-0.509135878915115
"u_1oKVaIrsWHkFypYnwYxZt7cJSKH","21444","Favorite Chicken Potpie",4.56575976374702,3.9467338861604,5,-0.434240236252982,-1.0532661138396
"u_1oKVaIrsWHkFypYnwYxZt7cJSKH","42083","Enchilada Casser-Ole!",4.56575976374702,3.97626923240673,5,-0.434240236252982,-1.02373076759327
"u_1oKVaLd2ShgeD1g1YVxMVdQOuzG","27626","Skillet Shepherd’s Pie",3.49921111529021,5,4,-0.500788884709794,1
"u_1oKVaLd2ShgeD1g1YVxMVdQOuzG","33743","Tennessee Peach Pudding",3.49921111529021,5,5,-1.50078888470979,0
"u_1oKVaLd2ShgeD1g1YVxMVdQOuzG","34347","Lime Chicken Tacos",3.49921111529021,4.63964181717276,5,-1.50078888470979,-0.360358182827238
"u_1oKVaM64YH6uHYmdygQgoq2plQs","31278","Corn Pudding",4.46565968036839,4.90379591629753,5,-0.534340319631612,-0.0962040837024674
"u_1oKVaM64YH6uHYmdygQgoq2plQs","1152","Pork Chops with Scalloped Potatoes",4.36869449314822,4.72704223786011,5,-0.631305506851776,-0.272957762139894
"u_1oKVaM64YH6uHYmdygQgoq2plQs","18345","Simple Au Gratin Potatoes",4.36869449314822,4.66382946749254,5,-0.631305506851776,-0.33617053250746
"u_1oKVaOIZuLsG11MgUDbsALsnx49","8431","Rhubarb Custard Bars",4,5,5,-1,0
"u_1oKVaOIZuLsG11MgUDbsALsnx49","1063","Frosted Banana Bars",4,5,5,-1,-8.88178419700125e-16
"u_1oKVaOIZuLsG11MgUDbsALsnx49","12259","Banana Bars with Cream Cheese Frosting",4,5,5,-1,-8.88178419700125e-16
"u_1oKVaOPYCsTCPrimbiYIBsi4ixC","14299","Creamy White Chili",4.07424355135138,3.78590594086185,5,-0.925756448648617,-1.21409405913815
"u_1oKVaOPYCsTCPrimbiYIBsi4ixC","18345","Simple Au Gratin Potatoes",4.03060558225736,3.99806494428387,5,-0.969394417742635,-1.00193505571613
"u_1oKVaOPYCsTCPrimbiYIBsi4ixC","27626","Skillet Shepherd’s Pie",3.98060968623254,3.41952576059616,5,-1.01939031376746,-1.58047423940384
"u_1oKVaS7Wc3UPdxOA9M0V5tyFc3f","38550","Special Banana Nut Bread",4.47950294786287,3.39232986785367,5,-0.520497052137131,-1.60767013214633
"u_1oKVaS7Wc3UPdxOA9M0V5tyFc3f","2832","Cheeseburger Soup",4.45020819380568,4.72752446630767,5,-0.549791806194317,-0.272475533692325
"u_1oKVaS7Wc3UPdxOA9M0V5tyFc3f","42873","Teriyaki Chicken Thighs",4.45020819380568,4.09805713722179,5,-0.549791806194317,-0.901942862778211
"u_1oKVaSDjHboOXWt1F16GUjug7gC","9735","Comforting Chicken Noodle Soup",4,5,5,-1,0
"u_1oKVaSDjHboOXWt1F16GUjug7gC","33121","Chocolate Chip Oatmeal Cookies",4,5,5,-1,0
"u_1oKVaSDjHboOXWt1F16GUjug7gC","10252","Li’l Cheddar Meat Loaves",4,5,5,-1,0
"u_1oKVaSOL1PvbnFxB3chEa0aJJC3","17826","Amish Breakfast Casserole",4,5,5,-1,0
"u_1oKVaSOL1PvbnFxB3chEa0aJJC3","12003","Traditional Lasagna",4,5,5,-1,0
"u_1oKVaSOL1PvbnFxB3chEa0aJJC3","33743","Tennessee Peach Pudding",4,5,5,-1,0
"u_1oKVaTPSHgkIpRiGEFaahLqvK69","12347","Creamy Coleslaw",4.52134377676333,5,5,-0.478656223236669,0
"u_1oKVaTPSHgkIpRiGEFaahLqvK69","2832","Cheeseburger Soup",4.43427730792456,4.52455206197923,5,-0.565722692075442,-0.475447938020775
"u_1oKVaTPSHgkIpRiGEFaahLqvK69","12734","Cheesy Ham Chowder",4.34721083908578,4.61320504516316,5,-0.652789160914216,-0.386794954836839
"u_1oKVaUyPsO6nLJyBKLh96wugkPm","39334","Chicken Penne Casserole",4,5,5,-1,0
"u_1oKVaUyPsO6nLJyBKLh96wugkPm","32248","Smothered Chicken Breasts",4,5,5,-1,0
"u_1oKVaUyPsO6nLJyBKLh96wugkPm","8202","Simple Taco Soup",4,5,5,-1,-8.88178419700125e-16
"u_1oKVaX9638PMHxPqv1BapCBDhaV","100276","Grilled Huli Huli Chicken",4.39965907374502,4.455407539354,5,-0.600340926254981,-0.544592460645995
"u_1oKVaX9638PMHxPqv1BapCBDhaV","42873","Teriyaki Chicken Thighs",4.39965907374502,4.55687725476265,5,-0.600340926254981,-0.443122745237352
"u_1oKVaX9638PMHxPqv1BapCBDhaV","42083","Enchilada Casser-Ole!",4.39965907374502,4.26084032657431,5,-0.600340926254981,-0.739159673425692
"u_1oKVaXUaGSbQTpOnHc1sxIi557Z","41101","Rustic Italian Tortellini Soup",4,5,5,-1,0
"u_1oKVaXUaGSbQTpOnHc1sxIi557Z","31278","Corn Pudding",4,5,5,-1,0
"u_1oKVaXUaGSbQTpOnHc1sxIi557Z","10252","Li’l Cheddar Meat Loaves",4,5,5,-1,8.88178419700125e-16
"u_1oKVaXcpN0u6QpaTrWEsZp69OSk","100276","Grilled Huli Huli Chicken",4,5,5,-1,0
"u_1oKVaXcpN0u6QpaTrWEsZp69OSk","6086","Apple Pie",4,5,5,-1,0
"u_1oKVaXcpN0u6QpaTrWEsZp69OSk","42083","Enchilada Casser-Ole!",4,5,5,-1,0
"u_1oKVaZ46Quo1bIhZqYg2ezh1FOV","32248","Smothered Chicken Breasts",4,5,2,2,3
"u_1oKVaZ46Quo1bIhZqYg2ezh1FOV","20170","Taco Lasagna",4,5,5,-1,0
"u_1oKVaZ46Quo1bIhZqYg2ezh1FOV","191775","Egg Roll Noodle Bowl",4,5,5,-1,0
"u_1oKVaZNNOozViDDdU3EgnOdlHxt","12700","Big Soft Ginger Cookies",4,5,5,-1,8.88178419700125e-16
"u_1oKVaZNNOozViDDdU3EgnOdlHxt","12540","Flavorful Chicken Fajitas",4,5,5,-1,8.88178419700125e-16
"u_1oKVaZNNOozViDDdU3EgnOdlHxt","19201","Peanut Butter Chocolate Dessert",4,5,5,-1,0
"u_1oKVaZRjV5snsZRKtuKJMvV5rmj","17826","Amish Breakfast Casserole",4,5,5,-1,-8.88178419700125e-16
"u_1oKVaZRjV5snsZRKtuKJMvV5rmj","1693","Moist Chocolate Cake",4,5,5,-1,0
"u_1oKVaZRjV5snsZRKtuKJMvV5rmj","3290","Brown Sugar Oatmeal Pancakes",4,5,5,-1,-8.88178419700125e-16
"u_1oKVaZxnBcU4S23DnH9FwPblr6c","41101","Rustic Italian Tortellini Soup",3.44089199485311,5,5,-1.55910800514689,0
"u_1oKVaZxnBcU4S23DnH9FwPblr6c","20170","Taco Lasagna",3.44089199485311,2.37872957890438,5,-1.55910800514689,-2.62127042109562
"u_1oKVaZxnBcU4S23DnH9FwPblr6c","33457","Chunky Apple Cake",3.44089199485311,3.19507918913734,5,-1.55910800514689,-1.80492081086266
"u_1oKVabYwI2fZAnwYCZ0MaaxeDs9","17826","Amish Breakfast Casserole",3.47549720132891,5,4,-0.52450279867109,0.999999999999999
"u_1oKVabYwI2fZAnwYCZ0MaaxeDs9","1693","Moist Chocolate Cake",3.47549720132891,4.84124135793537,5,-1.52450279867109,-0.158758642064629
"u_1oKVabYwI2fZAnwYCZ0MaaxeDs9","35766","Cheeseburger Paradise Soup",3.47549720132891,4.78024941767784,5,-1.52450279867109,-0.219750582322159
"u_1oKVabx1v9IOjmZbyC5dIRTPlC5","17826","Amish Breakfast Casserole",4.04278503832809,4.65781189269599,4,0.0427850383280868,0.657811892695988
"u_1oKVabx1v9IOjmZbyC5dIRTPlC5","12347","Creamy Coleslaw",4.04278503832809,4.54384473900668,5,-0.957214961671913,-0.456155260993317
"u_1oKVabx1v9IOjmZbyC5dIRTPlC5","1324","Porcupine Meatballs",4.04278503832809,4.62624403396697,3,1.04278503832809,1.62624403396697
"u_1oKVacBHwedX5Hf1nE0fWzDw1cz","386","Hot Milk Cake",4,5,5,-1,0
"u_1oKVacBHwedX5Hf1nE0fWzDw1cz","2872","Stuffed Pepper Soup",4,5,4,0,1
"u_1oKVacBHwedX5Hf1nE0fWzDw1cz","1324","Porcupine Meatballs",4,5,5,-1,0
"u_1oKVadLzyQUPDTrtCNQIMn8QJTk","3309","Best Ever Banana Bread",4.05256076511722,4.19315241638171,5,-0.947439234882776,-0.806847583618286
"u_1oKVadLzyQUPDTrtCNQIMn8QJTk","1063","Frosted Banana Bars",4.05256076511722,4.11433459890878,5,-0.947439234882776,-0.885665401091219
"u_1oKVadLzyQUPDTrtCNQIMn8QJTk","1821","Blueberry French Toast",4.05256076511722,3.11661677554733,5,-0.947439234882776,-1.88338322445267
"u_1oKVaf2djh0qhImdbVbaP1hn6rf","8431","Rhubarb Custard Bars",4,5,5,-1,0
"u_1oKVaf2djh0qhImdbVbaP1hn6rf","33457","Chunky Apple Cake",4,5,5,-1,0
"u_1oKVaf2djh0qhImdbVbaP1hn6rf","1821","Blueberry French Toast",4,5,5,-1,0
"u_1oKVakfYCgfVuJgJskIe58dCnCz","17826","Amish Breakfast Casserole",4,5,5,-1,0
"u_1oKVakfYCgfVuJgJskIe58dCnCz","21444","Favorite Chicken Potpie",4,5,5,-1,0
"u_1oKVakfYCgfVuJgJskIe58dCnCz","18274","Ravioli Lasagna",4,5,5,-1,0
"u_1oKVakhxVIBNUxgvWPjxZBGNwrV","12347","Creamy Coleslaw",4.39442746109505,4.95715992602104,5,-0.605572538904955,-0.0428400739789554
"u_1oKVakhxVIBNUxgvWPjxZBGNwrV","17826","Amish Breakfast Casserole",4.37951901769908,4.59881795034458,5,-0.620480982300919,-0.401182049655417
"u_1oKVakhxVIBNUxgvWPjxZBGNwrV","8202","Simple Taco Soup",4.37951901769908,4.62376611306246,5,-0.620480982300919,-0.376233886937542
"u_1oKVam4esKtXrR9ATMDDA7eVWEt","1196","Pumpkin Bread",3.6261689890687,4.47236838327018,5,-1.3738310109313,-0.52763161672982
"u_1oKVam4esKtXrR9ATMDDA7eVWEt","41384","Black Bean ‘n’ Pumpkin Chili",3.6261689890687,4.64389773787359,5,-1.3738310109313,-0.356102262126414
"u_1oKVam4esKtXrR9ATMDDA7eVWEt","8202","Simple Taco Soup",3.6261689890687,4.4401011092433,5,-1.3738310109313,-0.559898890756697
"u_1oKVanu3z4yEOftvPhDycfFqHv8","14299","Creamy White Chili",4,5,5,-1,0
"u_1oKVanu3z4yEOftvPhDycfFqHv8","27696","Flavorful Pot Roast",4,5,5,-1,0
"u_1oKVanu3z4yEOftvPhDycfFqHv8","3143","Pumpkin Bars",4,5,5,-1,-8.88178419700125e-16
"u_1oKVao0QsJzv4UDVpq7n5EUevA7","2832","Cheeseburger Soup",4,5,5,-1,0
"u_1oKVao0QsJzv4UDVpq7n5EUevA7","12734","Cheesy Ham Chowder",4,5,5,-1,0
"u_1oKVao0QsJzv4UDVpq7n5EUevA7","18274","Ravioli Lasagna",4,5,5,-1,-8.88178419700125e-16
"u_1oKVaoDvFRlnHTA9ix6pgmJUWiK","8431","Rhubarb Custard Bars",4.28695270016196,4.63489167061514,5,-0.713047299838036,-0.365108329384863
"u_1oKVaoDvFRlnHTA9ix6pgmJUWiK","19731","Cauliflower Soup",4.28695270016196,5,5,-0.713047299838036,0
"u_1oKVaoDvFRlnHTA9ix6pgmJUWiK","33743","Tennessee Peach Pudding",4.28695270016196,4.87914471912708,5,-0.713047299838036,-0.120855280872918
"u_1oKVaoQBeEjijuLuGXcLWClULrd","2912","Zucchini Pizza Casserole",4,5,5,-1,0
"u_1oKVaoQBeEjijuLuGXcLWClULrd","7178","Zucchini Cupcake",4,5,5,-1,0
"u_1oKVaoQBeEjijuLuGXcLWClULrd","9739","Best Ever Potato Soup",4,5,5,-1,0
"u_1oKVaosb18WOhGwPs1ek3MdEhCc","17826","Amish Breakfast Casserole",4.36686877944972,3,5,-0.633131220550277,-2
"u_1oKVaosb18WOhGwPs1ek3MdEhCc","39545","White Bean Chicken Chili",4.36686877944972,3,5,-0.633131220550277,-2
"u_1oKVaosb18WOhGwPs1ek3MdEhCc","45495","Gluten-Free Banana Bread",4.36686877944972,3,5,-0.633131220550277,-2
"u_1oKVarZeoP5DltdusOT6SGl4IxA","2832","Cheeseburger Soup",4.4019092642538,2,5,-0.598090735746203,-3
"u_1oKVarZeoP5DltdusOT6SGl4IxA","42083","Enchilada Casser-Ole!",4.4019092642538,4,5,-0.598090735746203,-1
"u_1oKVarZeoP5DltdusOT6SGl4IxA","10248","Garlic Beef Enchiladas",4.4019092642538,2,0,4.4019092642538,2
"u_1oKVasm5IwFdw64hFcnuTnurtzu","32248","Smothered Chicken Breasts",4.54066529442437,5,5,-0.459334705575632,0
"u_1oKVasm5IwFdw64hFcnuTnurtzu","17826","Amish Breakfast Casserole",4.52134083295564,5,5,-0.478659167044365,0
"u_1oKVasm5IwFdw64hFcnuTnurtzu","33743","Tennessee Peach Pudding",4.52134083295564,5,5,-0.478659167044365,0
"u_1oKVatYSY5LsFjPKeOy8IydBoLd","8431","Rhubarb Custard Bars",4,5,5,-1,0
"u_1oKVatYSY5LsFjPKeOy8IydBoLd","33457","Chunky Apple Cake",4,5,5,-1,0
"u_1oKVatYSY5LsFjPKeOy8IydBoLd","8015","Easy Peanut Butter Fudge",4,5,5,-1,0
"u_1oKVaxGEYZdECwHjUKnbsA2bgVW","8431","Rhubarb Custard Bars",4,5,5,-1,0
"u_1oKVaxGEYZdECwHjUKnbsA2bgVW","14299","Creamy White Chili",4,5,5,-1,0
"u_1oKVaxGEYZdECwHjUKnbsA2bgVW","12003","Traditional Lasagna",4,5,5,-1,0
"u_1oKVb0V3iTiJPOI7nDKG8EYc2iE","957","Sandy’s Chocolate Cake",4,5,5,-1,0
"u_1oKVb0V3iTiJPOI7nDKG8EYc2iE","3058","Winning Apple Crisp",4,5,5,-1,0
"u_1oKVb0V3iTiJPOI7nDKG8EYc2iE","191775","Egg Roll Noodle Bowl",4,5,5,-1,0
"u_1oKVb5uSZj7PviMuKwtkrUoN1pf","17826","Amish Breakfast Casserole",4,5,4,0,1
"u_1oKVb5uSZj7PviMuKwtkrUoN1pf","12347","Creamy Coleslaw",4,5,5,-1,0
"u_1oKVb5uSZj7PviMuKwtkrUoN1pf","12003","Traditional Lasagna",4,5,5,-1,0
"u_1oKVbANACJTTSSweHZ3IZ47elIO","17826","Amish Breakfast Casserole",3.763419779832,4.68487146680617,2,1.763419779832,2.68487146680617
"u_1oKVbANACJTTSSweHZ3IZ47elIO","31278","Corn Pudding",3.763419779832,4.82565883093262,4,-0.236580220167996,0.825658830932618
"u_1oKVbANACJTTSSweHZ3IZ47elIO","19201","Peanut Butter Chocolate Dessert",3.763419779832,4.66881928806866,1,2.763419779832,3.66881928806866
"u_1oKVbBNo3rHvSNieZn0tXcaptee","27626","Skillet Shepherd’s Pie",4.76916402524166,4.40401050335001,4,0.769164025241657,0.404010503350009
"u_1oKVbBNo3rHvSNieZn0tXcaptee","7178","Zucchini Cupcake",4.76916402524166,4.60225270294965,5,-0.230835974758343,-0.39774729705035
"u_1oKVbBNo3rHvSNieZn0tXcaptee","34347","Lime Chicken Tacos",4.76916402524166,5,5,-0.230835974758343,-8.88178419700125e-16
"u_1oKVbXQaRUOa0GmdFRMLpEP2R9L","1152","Pork Chops with Scalloped Potatoes",4,5,4,0,1
"u_1oKVbXQaRUOa0GmdFRMLpEP2R9L","42083","Enchilada Casser-Ole!",4,5,5,-1,0
"u_1oKVbXQaRUOa0GmdFRMLpEP2R9L","24886","Chicken and Dumplings",4,5,4,0,1
"u_1oKVbXTJIthO0iwAV4zZx2zYqGK","2912","Zucchini Pizza Casserole",4,5,5,-1,8.88178419700125e-16
"u_1oKVbXTJIthO0iwAV4zZx2zYqGK","9735","Comforting Chicken Noodle Soup",4,5,5,-1,-8.88178419700125e-16
"u_1oKVbXTJIthO0iwAV4zZx2zYqGK","34347","Lime Chicken Tacos",4,5,5,-1,-8.88178419700125e-16
"u_1oKVbkaKDCs4JqmA3L5Vyub9CYD","1324","Porcupine Meatballs",4.38490184942667,5,2,2.38490184942667,3
"u_1oKVbkaKDCs4JqmA3L5Vyub9CYD","9010","Favorite Dutch Apple Pie",4.13263578744542,5,5,-0.867364212554575,0
"u_1oKVbkaKDCs4JqmA3L5Vyub9CYD","10248","Garlic Beef Enchiladas",4.13263578744542,5,5,-0.867364212554575,0
"u_1oKVblcBcRzRxmmRkdaB0bk0nOH","39334","Chicken Penne Casserole",4,5,5,-1,0
"u_1oKVblcBcRzRxmmRkdaB0bk0nOH","12540","Flavorful Chicken Fajitas",4,5,5,-1,8.88178419700125e-16
"u_1oKVblcBcRzRxmmRkdaB0bk0nOH","10248","Garlic Beef Enchiladas",4,5,4,0,1
"u_1oKVbmHDCK2MBpqtv6GB3529Nw7","2832","Cheeseburger Soup",4,5,5,-1,0
"u_1oKVbmHDCK2MBpqtv6GB3529Nw7","7178","Zucchini Cupcake",4,5,5,-1,0
"u_1oKVbmHDCK2MBpqtv6GB3529Nw7","17310","Seafood Lasagna",4,5,5,-1,0
"u_1oKVbqUdsyohkb1XHZEI5rWEiWl","386","Hot Milk Cake",4,5,3,1,2
"u_1oKVbqUdsyohkb1XHZEI5rWEiWl","39545","White Bean Chicken Chili",4,5,5,-1,0
"u_1oKVbqUdsyohkb1XHZEI5rWEiWl","17310","Seafood Lasagna",4,5,4,0,1
"u_1oKVbut7re70gh1Se2cKaDttD2C","12700","Big Soft Ginger Cookies",3.26258745573312,5,5,-1.73741254426688,0
"u_1oKVbut7re70gh1Se2cKaDttD2C","39581","Homemade Peanut Butter Cups",3.26258745573312,5,5,-1.73741254426688,0
"u_1oKVbut7re70gh1Se2cKaDttD2C","10252","Li’l Cheddar Meat Loaves",3.26258745573312,5,4,-0.737412544266884,1
"u_1oKVbvoVcAId85tZ6rEW1EMlLzR","2912","Zucchini Pizza Casserole",4,5,5,-1,8.88178419700125e-16
"u_1oKVbvoVcAId85tZ6rEW1EMlLzR","43675","Macaroni Coleslaw",4,5,5,-1,8.88178419700125e-16
"u_1oKVbvoVcAId85tZ6rEW1EMlLzR","34347","Lime Chicken Tacos",4,5,5,-1,0
"u_1oKVbyOGvXFWJx4fpzHybJJ20N3","27626","Skillet Shepherd’s Pie",3.58467359497151,5,5,-1.41532640502849,-8.88178419700125e-16
"u_1oKVbyOGvXFWJx4fpzHybJJ20N3","27434","Asian Chicken Thighs",3.58467359497151,4.721204567459,5,-1.41532640502849,-0.278795432540995
"u_1oKVbyOGvXFWJx4fpzHybJJ20N3","36217","Creamy Macaroni and Cheese",3.58467359497151,4.71735278776822,4,-0.415326405028486,0.71735278776822
"u_1oKVbzAa9VifTd90VCqWPWUyD4S","27626","Skillet Shepherd’s Pie",4,5,3,1,2
"u_1oKVbzAa9VifTd90VCqWPWUyD4S","20170","Taco Lasagna",4,5,5,-1,0
"u_1oKVbzAa9VifTd90VCqWPWUyD4S","10248","Garlic Beef Enchiladas",4,5,3,1,2
"u_1oKVc57zin1tNYP5HDKvcmfaUYt","9735","Comforting Chicken Noodle Soup",3.29686892311064,4.65626932033602,5,-1.70313107688936,-0.343730679663977
"u_1oKVc57zin1tNYP5HDKvcmfaUYt","32535","Creamy Grape Salad",3.29686892311064,4.74056776184394,5,-1.70313107688936,-0.259432238156056
"u_1oKVc57zin1tNYP5HDKvcmfaUYt","18345","Simple Au Gratin Potatoes",3.29686892311064,4.8150007658025,5,-1.70313107688936,-0.184999234197503
"u_1oKVcB1UMjb8Lc0Bsr8xQ850hmw","100276","Grilled Huli Huli Chicken",4,5,4,0,1
"u_1oKVcB1UMjb8Lc0Bsr8xQ850hmw","6504","Mom’s Meat Loaf",4,5,5,-1,0
"u_1oKVcB1UMjb8Lc0Bsr8xQ850hmw","27696","Flavorful Pot Roast",4,5,4,0,1
"u_1oKVcBeTuVU3tWIjoTy7LIH8Dho","17826","Amish Breakfast Casserole",4,5,5,-1,0
"u_1oKVcBeTuVU3tWIjoTy7LIH8Dho","39549","Forgotten Jambalaya",4,5,5,-1,0
"u_1oKVcBeTuVU3tWIjoTy7LIH8Dho","21444","Favorite Chicken Potpie",4,5,5,-1,0
"u_1oKVcHCoAqJ0FSbm96rqbLctpke","100276","Grilled Huli Huli Chicken",3.44617422078366,4.77720014059799,5,-1.55382577921634,-0.222799859402006
"u_1oKVcHCoAqJ0FSbm96rqbLctpke","3309","Best Ever Banana Bread",3.44617422078366,5,5,-1.55382577921634,-8.88178419700125e-16
"u_1oKVcHCoAqJ0FSbm96rqbLctpke","32535","Creamy Grape Salad",3.44617422078366,4.89394287740741,5,-1.55382577921634,-0.106057122592588
"u_1oKVcPemJ66oqBPVF8H82JdbYQF","32248","Smothered Chicken Breasts",4,5,5,-1,0
"u_1oKVcPemJ66oqBPVF8H82JdbYQF","3058","Winning Apple Crisp",4,5,5,-1,0
"u_1oKVcPemJ66oqBPVF8H82JdbYQF","42873","Teriyaki Chicken Thighs",4,5,5,-1,0
"u_1oKVcUfQAMSIxzGPlb73FSMdW2t","11767","Quick Cream of Mushroom Soup",4,5,5,-1,0
"u_1oKVcUfQAMSIxzGPlb73FSMdW2t","31278","Corn Pudding",4,5,4,0,0.999999999999999
"u_1oKVcUfQAMSIxzGPlb73FSMdW2t","12259","Banana Bars with Cream Cheese Frosting",4,5,5,-1,-8.88178419700125e-16
"u_1oKVcYWEuDOQondMr0G6EfR4hzf","17826","Amish Breakfast Casserole",3.61658822302151,5,4,-0.383411776978492,1
"u_1oKVcYWEuDOQondMr0G6EfR4hzf","27696","Flavorful Pot Roast",3.61658822302151,3,4,-0.383411776978492,-1
"u_1oKVcYWEuDOQondMr0G6EfR4hzf","24886","Chicken and Dumplings",3.61658822302151,5,4,-0.383411776978492,1
"u_1oKVcabvSpdP7ukRmN281a1FxcL","8431","Rhubarb Custard Bars",4,5,5,-1,-1.77635683940025e-15
"u_1oKVcabvSpdP7ukRmN281a1FxcL","11330","Twice-Baked Potato Casserole",4,5,5,-1,8.88178419700125e-16
"u_1oKVcabvSpdP7ukRmN281a1FxcL","19201","Peanut Butter Chocolate Dessert",4,5,5,-1,8.88178419700125e-16
"u_1oKVcgcF5XXFvBht3lN1UrDxsw1","12347","Creamy Coleslaw",4,5,5,-1,0
"u_1oKVcgcF5XXFvBht3lN1UrDxsw1","42873","Teriyaki Chicken Thighs",4,5,4,0,1
"u_1oKVcgcF5XXFvBht3lN1UrDxsw1","35766","Cheeseburger Paradise Soup",4,5,5,-1,0
"u_1oKVcglfCO7E2tIJymSOggi3h6s","41101","Rustic Italian Tortellini Soup",4,5,5,-1,0
"u_1oKVcglfCO7E2tIJymSOggi3h6s","9739","Best Ever Potato Soup",4,5,5,-1,8.88178419700125e-16
"u_1oKVcglfCO7E2tIJymSOggi3h6s","10248","Garlic Beef Enchiladas",4,5,5,-1,-8.88178419700125e-16
"u_1oKVchl3LINh51liAWR6aZjJEqJ","18341","Bacon Macaroni Salad",4.39905383020941,5,5,-0.600946169790586,8.88178419700125e-16
"u_1oKVchl3LINh51liAWR6aZjJEqJ","386","Hot Milk Cake",4.38936070675449,5,5,-0.610639293245512,8.88178419700125e-16
"u_1oKVchl3LINh51liAWR6aZjJEqJ","18345","Simple Au Gratin Potatoes",4.38936070675449,5,5,-0.610639293245512,0
"u_1oKVd3yw1GUizOlS6lLqS8HxMFf","32264","Easy Chicken Enchiladas",4,5,5,-1,0
"u_1oKVd3yw1GUizOlS6lLqS8HxMFf","42083","Enchilada Casser-Ole!",4,5,4,0,1
"u_1oKVd3yw1GUizOlS6lLqS8HxMFf","10248","Garlic Beef Enchiladas",4,5,5,-1,0
"u_1oKVd4Lfa0W2rvviyfWOXbD5r1t","2912","Zucchini Pizza Casserole",4,5,5,-1,-8.88178419700125e-16
"u_1oKVd4Lfa0W2rvviyfWOXbD5r1t","33121","Chocolate Chip Oatmeal Cookies",4,5,5,-1,-8.88178419700125e-16
"u_1oKVd4Lfa0W2rvviyfWOXbD5r1t","18345","Simple Au Gratin Potatoes",4,5,5,-1,0
"u_1oKVdXJVj0FvjvOHkePwEUxmEWq","100276","Grilled Huli Huli Chicken",4.37614650451516,4.13563933037956,5,-0.623853495484836,-0.864360669620435
"u_1oKVdXJVj0FvjvOHkePwEUxmEWq","414","Lemon Blueberry Bread",4.37614650451516,5,5,-0.623853495484836,-8.88178419700125e-16
"u_1oKVdXJVj0FvjvOHkePwEUxmEWq","17022","Vegetarian Linguine",4.37614650451516,4,5,-0.623853495484836,-1
"u_1oKVdZgVe0ACkmVJamQvB59xGvG","100276","Grilled Huli Huli Chicken",4.76485273775928,4.19929344796641,4,0.764852737759279,0.199293447966413
"u_1oKVdZgVe0ACkmVJamQvB59xGvG","34347","Lime Chicken Tacos",4.76485273775928,4.556037472894,5,-0.235147262240721,-0.443962527106001
"u_1oKVdZgVe0ACkmVJamQvB59xGvG","7539","Fluffy Pancakes",4.74847526360689,4.39855912318255,4,0.748475263606895,0.398559123182553
"u_1oKVdbeyIGYYyoSvg3YzfUKSM7B","2832","Cheeseburger Soup",4,5,5,-1,0
"u_1oKVdbeyIGYYyoSvg3YzfUKSM7B","42873","Teriyaki Chicken Thighs",4,5,5,-1,0
"u_1oKVdbeyIGYYyoSvg3YzfUKSM7B","10248","Garlic Beef Enchiladas",4,5,4,0,1
"u_1oKVdftfgUoJw4xMHCnsokmaRoW","100276","Grilled Huli Huli Chicken",4,5,2,2,3
"u_1oKVdftfgUoJw4xMHCnsokmaRoW","39549","Forgotten Jambalaya",4,5,5,-1,0
"u_1oKVdftfgUoJw4xMHCnsokmaRoW","191775","Egg Roll Noodle Bowl",4,5,3,1,2
"u_1oKVdkF8CWEUykeryoR13uAIDkf","28058","Shrimp Scampi",3.63595933222553,5,5,-1.36404066777447,0
"u_1oKVdkF8CWEUykeryoR13uAIDkf","191775","Egg Roll Noodle Bowl",3.63595933222553,4.53116361700139,4,-0.364040667774472,0.531163617001389
"u_1oKVdkF8CWEUykeryoR13uAIDkf","1324","Porcupine Meatballs",3.63595933222553,5,5,-1.36404066777447,0
"u_1oKVdnGOtUxBZc3kMCdQaFjzDG5","33121","Chocolate Chip Oatmeal Cookies",3.7,5,5,-1.3,0
"u_1oKVdnGOtUxBZc3kMCdQaFjzDG5","10252","Li’l Cheddar Meat Loaves",3.7,4,5,-1.3,-1
"u_1oKVdnGOtUxBZc3kMCdQaFjzDG5","33743","Tennessee Peach Pudding",3.7,4,5,-1.3,-1
"u_1oKVdpotk8j55JIT4Cm4cmfip9q","17826","Amish Breakfast Casserole",4,4,5,-1,-1
"u_1oKVdpotk8j55JIT4Cm4cmfip9q","6086","Apple Pie",4,4,5,-1,-1
"u_1oKVdpotk8j55JIT4Cm4cmfip9q","1821","Blueberry French Toast",4,4,5,-1,-1
"u_1oKVdsyqxzQKBuCOfXS7i5vDxb3","17826","Amish Breakfast Casserole",4,5,4,0,1
"u_1oKVdsyqxzQKBuCOfXS7i5vDxb3","14600","Buttery Cornbread",4,5,5,-1,0
"u_1oKVdsyqxzQKBuCOfXS7i5vDxb3","35948","Caramel-Pecan Cheesecake Pie",4,5,4,0,1
"u_1oKVe6iFgOYfbGKGRYcJN9y34Cz","41101","Rustic Italian Tortellini Soup",4.11266261803667,4.6753260208205,5,-0.887337381963329,-0.324673979179498
"u_1oKVe6iFgOYfbGKGRYcJN9y34Cz","2872","Stuffed Pepper Soup",4.04688279923672,5,5,-0.953117200763277,8.88178419700125e-16
"u_1oKVe6iFgOYfbGKGRYcJN9y34Cz","34347","Lime Chicken Tacos",3.97938320058052,4.75913486225386,5,-1.02061679941948,-0.24086513774614
"u_1oKVe9AOEKp7dN71Ylmhu8elsek","3309","Best Ever Banana Bread",4,0,5,-1,-5
"u_1oKVe9AOEKp7dN71Ylmhu8elsek","26937","Pineapple Pudding Cake",4,0,5,-1,-5
"u_1oKVe9AOEKp7dN71Ylmhu8elsek","35948","Caramel-Pecan Cheesecake Pie",4,0,5,-1,-5
"u_1oKVeFd6NQn9S2MPiWHWuA9ecjg","2912","Zucchini Pizza Casserole",4,5,5,-1,0
"u_1oKVeFd6NQn9S2MPiWHWuA9ecjg","21444","Favorite Chicken Potpie",4,5,5,-1,0
"u_1oKVeFd6NQn9S2MPiWHWuA9ecjg","3058","Winning Apple Crisp",4,5,4,0,1
"u_1oKVeHAVcuQUUGaM6AhvTCL2z2p","7539","Fluffy Pancakes",4.23935429205277,5,5,-0.760645707947226,0
"u_1oKVeHAVcuQUUGaM6AhvTCL2z2p","191775","Egg Roll Noodle Bowl",4.23935429205277,5,5,-0.760645707947226,0
"u_1oKVeHAVcuQUUGaM6AhvTCL2z2p","38550","Special Banana Nut Bread",4.23935429205277,5,4,0.239354292052774,1
"u_1oKVeN9YNf07RT0P9R63Yu80P5A","2912","Zucchini Pizza Casserole",3.84176499566916,4.66670643142922,5,-1.15823500433084,-0.333293568570778
"u_1oKVeN9YNf07RT0P9R63Yu80P5A","18341","Bacon Macaroni Salad",3.84176499566916,4.46743379624226,5,-1.15823500433084,-0.532566203757737
"u_1oKVeN9YNf07RT0P9R63Yu80P5A","82745","Mamaw Emily’s Strawberry Cake",3.84176499566916,3.90883120380554,5,-1.15823500433084,-1.09116879619446
"u_1oKVeOXrPE5pnMV31UD49yFbF4p","39334","Chicken Penne Casserole",3.49347661060964,4.92227357501903,3,0.493476610609639,1.92227357501903
"u_1oKVeOXrPE5pnMV31UD49yFbF4p","3143","Pumpkin Bars",3.49347661060964,4.70869119319228,5,-1.50652338939036,-0.291308806807724
"u_1oKVeOXrPE5pnMV31UD49yFbF4p","33121","Chocolate Chip Oatmeal Cookies",3.44679412586384,4.13658712414453,4,-0.553205874136156,0.136587124144527
"u_1oKVeOeAeqriVeF23kDrEnVOGks","42386","Pumpkin Spice Cupcakes with Cream Cheese Frosting",3.66174313761728,4.1478393640472,5,-1.33825686238272,-0.852160635952797
"u_1oKVeOeAeqriVeF23kDrEnVOGks","27434","Asian Chicken Thighs",3.66174313761728,3.44440569780188,4,-0.338256862382718,-0.555594302198116
"u_1oKVeOeAeqriVeF23kDrEnVOGks","3058","Winning Apple Crisp",3.66174313761728,3.37825084701424,4,-0.338256862382718,-0.621749152985756
"u_1oKVeWZKcUYHDAAdmzPzaDpjiUb","39334","Chicken Penne Casserole",4.60128278042417,4.20975528860695,3,1.60128278042417,1.20975528860695
"u_1oKVeWZKcUYHDAAdmzPzaDpjiUb","14600","Buttery Cornbread",4.60128278042417,3.40138007792833,5,-0.398717219575834,-1.59861992207167
"u_1oKVeWZKcUYHDAAdmzPzaDpjiUb","3290","Brown Sugar Oatmeal Pancakes",4.60128278042417,5,5,-0.398717219575834,0
"u_1oKVeahyqLgqjIsLuVBjPLTMR7c","16579","Chicken Wild Rice Soup",4.11036160012754,5,5,-0.889638399872458,0
"u_1oKVeahyqLgqjIsLuVBjPLTMR7c","191775","Egg Roll Noodle Bowl",4.11036160012754,5,5,-0.889638399872458,0
"u_1oKVeahyqLgqjIsLuVBjPLTMR7c","24886","Chicken and Dumplings",4.11036160012754,3,4,0.110361600127542,-1
"u_1oKVeep1X2cpiA469U1Zdi7cfuE","17826","Amish Breakfast Casserole",4.45613248751475,4.37185096664012,4,0.45613248751475,0.371850966640119
"u_1oKVeep1X2cpiA469U1Zdi7cfuE","10248","Garlic Beef Enchiladas",4.45613248751475,5,5,-0.54386751248525,0
"u_1oKVeep1X2cpiA469U1Zdi7cfuE","1821","Blueberry French Toast",4.45613248751475,4.27289823828872,4,0.45613248751475,0.272898238288723
"u_1oKVepPR4HDsIYcT1zK347AD8ZH","6086","Apple Pie",4.50843478004289,4,5,-0.491565219957113,-1
"u_1oKVepPR4HDsIYcT1zK347AD8ZH","35766","Cheeseburger Paradise Soup",4.50843478004289,4,3,1.50843478004289,1
"u_1oKVepPR4HDsIYcT1zK347AD8ZH","8202","Simple Taco Soup",4.50843478004289,4,5,-0.491565219957113,-1
"u_1oKVeq2rJ0OLIv0bTI2TdXZUSxi","18341","Bacon Macaroni Salad",4,5,4,0,1
"u_1oKVeq2rJ0OLIv0bTI2TdXZUSxi","1081","Baked Spaghetti",4,5,5,-1,0
"u_1oKVeq2rJ0OLIv0bTI2TdXZUSxi","3058","Winning Apple Crisp",4,5,5,-1,0
"u_1oKVf8F9NqQtAw2Y4dE5IhJuNBg","386","Hot Milk Cake",4,5,5,-1,0
"u_1oKVf8F9NqQtAw2Y4dE5IhJuNBg","12347","Creamy Coleslaw",4,5,5,-1,0
"u_1oKVf8F9NqQtAw2Y4dE5IhJuNBg","14600","Buttery Cornbread",4,5,5,-1,0
"u_1oKVfi3qeNHeNJ2HGpoqc1r6zw9","8431","Rhubarb Custard Bars",4,5,5,-1,0
"u_1oKVfi3qeNHeNJ2HGpoqc1r6zw9","41384","Black Bean ‘n’ Pumpkin Chili",4,5,0,4,5
"u_1oKVfi3qeNHeNJ2HGpoqc1r6zw9","1063","Frosted Banana Bars",4,5,5,-1,0
"u_1oKVfvobNgMQkN94ESLJysmOpYa","3309","Best Ever Banana Bread",3.55264833440763,3.27387361555778,5,-1.44735166559237,-1.72612638444222
"u_1oKVfvobNgMQkN94ESLJysmOpYa","11588","Slow-Cooker Lasagna",3.55264833440763,4.55805653803477,3,0.552648334407628,1.55805653803477
"u_1oKVfvobNgMQkN94ESLJysmOpYa","12259","Banana Bars with Cream Cheese Frosting",3.55264833440763,3.53424821066022,5,-1.44735166559237,-1.46575178933978
"u_1oKVgHiCC1CvJytvtZiVsL01Gap","18341","Bacon Macaroni Salad",4,5,5,-1,0
"u_1oKVgHiCC1CvJytvtZiVsL01Gap","9739","Best Ever Potato Soup",4,5,5,-1,0
"u_1oKVgHiCC1CvJytvtZiVsL01Gap","27696","Flavorful Pot Roast",4,5,5,-1,0
"u_1oKVgR3bBwYgTRpEnYNtKaPtyen","41101","Rustic Italian Tortellini Soup",4,5,5,-1,0
"u_1oKVgR3bBwYgTRpEnYNtKaPtyen","31278","Corn Pudding",4,5,5,-1,0
"u_1oKVgR3bBwYgTRpEnYNtKaPtyen","38550","Special Banana Nut Bread",4,5,5,-1,0
"u_1oKVguRYSeYopnS8TJesoAeBEsd","3309","Best Ever Banana Bread",4,5,0,4,5
"u_1oKVguRYSeYopnS8TJesoAeBEsd","3290","Brown Sugar Oatmeal Pancakes",4,5,0,4,5
"u_1oKVguRYSeYopnS8TJesoAeBEsd","38550","Special Banana Nut Bread",4,5,5,-1,0
"u_1oKVh5D1KoqTVfWyUUiSfdXoba8","17826","Amish Breakfast Casserole",3.34357426748291,4.66686759639238,5,-1.65642573251709,-0.33313240360762
"u_1oKVh5D1KoqTVfWyUUiSfdXoba8","2832","Cheeseburger Soup",3.34357426748291,4.8121620387704,4,-0.656425732517085,0.812162038770401
"u_1oKVh5D1KoqTVfWyUUiSfdXoba8","6504","Mom’s Meat Loaf",3.34357426748291,4.83265862861366,4,-0.656425732517085,0.832658628613663
"u_1oKVhAnfv5dKzMX0nkisSa62Qqe","12700","Big Soft Ginger Cookies",4,5,5,-1,0
"u_1oKVhAnfv5dKzMX0nkisSa62Qqe","17310","Seafood Lasagna",4,5,5,-1,0
"u_1oKVhAnfv5dKzMX0nkisSa62Qqe","19201","Peanut Butter Chocolate Dessert",4,5,0,4,5
"u_1oKVhIJMuUlrSCVkbO1jheVTol8","386","Hot Milk Cake",3.34087891537953,3.7015463695417,5,-1.65912108462047,-1.2984536304583
"u_1oKVhIJMuUlrSCVkbO1jheVTol8","20170","Taco Lasagna",3.34087891537953,4.5194264106066,5,-1.65912108462047,-0.480573589393402
"u_1oKVhIJMuUlrSCVkbO1jheVTol8","414","Lemon Blueberry Bread",3.34087891537953,2.80113702747686,5,-1.65912108462047,-2.19886297252314
"u_1oKVhO9GT0VLbyqNEdgVWFmaWHQ","17826","Amish Breakfast Casserole",4,5,5,-1,0
"u_1oKVhO9GT0VLbyqNEdgVWFmaWHQ","1081","Baked Spaghetti",4,5,5,-1,0
"u_1oKVhO9GT0VLbyqNEdgVWFmaWHQ","414","Lemon Blueberry Bread",4,5,5,-1,0
"u_1oKViYcsgLsMPuJqQWcDav8rnWB","39334","Chicken Penne Casserole",4.42040655416644,4.17207513283635,5,-0.579593445833559,-0.827924867163648
"u_1oKViYcsgLsMPuJqQWcDav8rnWB","7539","Fluffy Pancakes",4.42040655416644,4.56449725701081,5,-0.579593445833559,-0.435502742989189
"u_1oKViYcsgLsMPuJqQWcDav8rnWB","3143","Pumpkin Bars",4.42040655416644,4.6230047936362,5,-0.579593445833559,-0.3769952063638
"u_1oKViZqFyu7eRX3RzHbrCbYg7wh","2912","Zucchini Pizza Casserole",4,5,5,-1,0
"u_1oKViZqFyu7eRX3RzHbrCbYg7wh","33121","Chocolate Chip Oatmeal Cookies",4,5,5,-1,0
"u_1oKViZqFyu7eRX3RzHbrCbYg7wh","35766","Cheeseburger Paradise Soup",4,5,5,-1,0
"u_1oKVipvyDx0tkd5rSny0CXgN98l","2912","Zucchini Pizza Casserole",3.84981496690917,4,5,-1.15018503309083,-1
"u_1oKVipvyDx0tkd5rSny0CXgN98l","33121","Chocolate Chip Oatmeal Cookies",3.84981496690917,4.99117572568063,4,-0.150185033090827,0.991175725680629
"u_1oKVipvyDx0tkd5rSny0CXgN98l","42083","Enchilada Casser-Ole!",3.84981496690917,4.74870831413717,4,-0.150185033090827,0.748708314137169
"u_1oKVixEM1DsaUDufXWnlPKtkOYp","3058","Winning Apple Crisp",4.1497457880702,5,5,-0.850254211929799,8.88178419700125e-16
"u_1oKVixEM1DsaUDufXWnlPKtkOYp","28058","Shrimp Scampi",4.04945018893146,4.53633192316843,5,-0.950549811068539,-0.46366807683157
"u_1oKVixEM1DsaUDufXWnlPKtkOYp","10252","Li’l Cheddar Meat Loaves",4.04945018893146,4.58418917155951,5,-0.950549811068539,-0.415810828440493
"u_1oKVjJFceQBLKtLQqeud0WdLpWC","386","Hot Milk Cake",3.31672266342845,4.81167388297847,5,-1.68327733657155,-0.188326117021526
"u_1oKVjJFceQBLKtLQqeud0WdLpWC","9010","Favorite Dutch Apple Pie",3.31672266342845,5,4,-0.683277336571552,0.999999999999999
"u_1oKVjJFceQBLKtLQqeud0WdLpWC","82745","Mamaw Emily’s Strawberry Cake",3.31672266342845,4.63720900451365,5,-1.68327733657155,-0.36279099548635
"u_1oKVjLwkmFxMFBjxz6AdVKFxS92","100276","Grilled Huli Huli Chicken",4,5,5,-1,0
"u_1oKVjLwkmFxMFBjxz6AdVKFxS92","21444","Favorite Chicken Potpie",4,5,5,-1,0
"u_1oKVjLwkmFxMFBjxz6AdVKFxS92","18345","Simple Au Gratin Potatoes",4,5,5,-1,0
"u_1oKVjsyb4yvVgYiypxsW80FDRIK","27626","Skillet Shepherd’s Pie",4,5,5,-1,0
"u_1oKVjsyb4yvVgYiypxsW80FDRIK","27434","Asian Chicken Thighs",4,5,5,-1,0
"u_1oKVjsyb4yvVgYiypxsW80FDRIK","1821","Blueberry French Toast",4,5,5,-1,0
"u_1oKVkKJDvEFQKZM2b62wueqCvQX","8431","Rhubarb Custard Bars",4.13610225648842,5,5,-0.863897743511577,0
"u_1oKVkKJDvEFQKZM2b62wueqCvQX","18341","Bacon Macaroni Salad",4.13610225648842,5,5,-0.863897743511577,8.88178419700125e-16
"u_1oKVkKJDvEFQKZM2b62wueqCvQX","19201","Peanut Butter Chocolate Dessert",3.96423436477288,4.95641710745534,5,-1.03576563522712,-0.0435828925446575
"u_1oKVlSUIbWEOUoajBNtwpsR6ElO","17826","Amish Breakfast Casserole",4,5,5,-1,0
"u_1oKVlSUIbWEOUoajBNtwpsR6ElO","7539","Fluffy Pancakes",4,5,5,-1,0
"u_1oKVlSUIbWEOUoajBNtwpsR6ElO","6086","Apple Pie",4,5,5,-1,8.88178419700125e-16
"u_1oKVlVN5Xtktc5Dc20w7SEmJLsz","27626","Skillet Shepherd’s Pie",4,5,5,-1,0
"u_1oKVlVN5Xtktc5Dc20w7SEmJLsz","12347","Creamy Coleslaw",4,5,5,-1,0
"u_1oKVlVN5Xtktc5Dc20w7SEmJLsz","36450","Fluffy Key Lime Pie",4,5,5,-1,0
"u_1oKVmOXwePvufi7CzDQSY5YeJeD","2912","Zucchini Pizza Casserole",4,5,5,-1,0
"u_1oKVmOXwePvufi7CzDQSY5YeJeD","19731","Cauliflower Soup",4,5,5,-1,0
"u_1oKVmOXwePvufi7CzDQSY5YeJeD","1821","Blueberry French Toast",4,5,5,-1,0
"u_1oKVmW9kNgm2BCTgKMambA3HuLa","39334","Chicken Penne Casserole",4.56628678501936,3.33806120516861,5,-0.433713214980637,-1.66193879483139
"u_1oKVmW9kNgm2BCTgKMambA3HuLa","7708","Basic Banana Muffins",4.56628678501936,5,5,-0.433713214980637,8.88178419700125e-16
"u_1oKVmW9kNgm2BCTgKMambA3HuLa","42873","Teriyaki Chicken Thighs",4.56628678501936,4.62228961073267,5,-0.433713214980637,-0.377710389267334
"u_1oKVmrpQvTsv8GyS1JiA39K9QuI","27626","Skillet Shepherd’s Pie",3.1,4.82283874606931,4,-0.9,0.822838746069315
"u_1oKVmrpQvTsv8GyS1JiA39K9QuI","23222","Baked Mushroom Chicken",3.1,4.39216763338853,4,-0.9,0.392167633388534
"u_1oKVmrpQvTsv8GyS1JiA39K9QuI","32248","Smothered Chicken Breasts",3.1,4,4,-0.9,0
"u_1oKVmtlZB6RLsJRElzuPHihJyMW","38550","Special Banana Nut Bread",4.47407446438653,5,5,-0.525925535613474,0
"u_1oKVmtlZB6RLsJRElzuPHihJyMW","8431","Rhubarb Custard Bars",4.40444923127539,4.97510078320821,5,-0.595550768724613,-0.0248992167917921
"u_1oKVmtlZB6RLsJRElzuPHihJyMW","3058","Winning Apple Crisp",4.40444923127539,4.62943155398579,5,-0.595550768724613,-0.370568446014206
"u_1oKVmxKa8OSdxKfiCCutej4RTXe","41101","Rustic Italian Tortellini Soup",4,5,5,-1,0
"u_1oKVmxKa8OSdxKfiCCutej4RTXe","3290","Brown Sugar Oatmeal Pancakes",4,5,5,-1,0
"u_1oKVmxKa8OSdxKfiCCutej4RTXe","42873","Teriyaki Chicken Thighs",4,5,5,-1,0
"u_1oKVnDTBynh3GZL5KCHHy0oVJ2e","17826","Amish Breakfast Casserole",4.27631944606318,4.74519411059992,5,-0.723680553936823,-0.25480588940008
"u_1oKVnDTBynh3GZL5KCHHy0oVJ2e","12540","Flavorful Chicken Fajitas",4.27631944606318,4.76196338829257,5,-0.723680553936823,-0.238036611707427
"u_1oKVnDTBynh3GZL5KCHHy0oVJ2e","10248","Garlic Beef Enchiladas",4.27631944606318,4.7618652290066,5,-0.723680553936823,-0.238134770993396
"u_1oKVog5ebEbZs6OrSQi2WiQO3IJ","17826","Amish Breakfast Casserole",4,5,5,-1,0
"u_1oKVog5ebEbZs6OrSQi2WiQO3IJ","4444","Strawberry Pretzel Salad",4,5,5,-1,0
"u_1oKVog5ebEbZs6OrSQi2WiQO3IJ","20170","Taco Lasagna",4,5,4,0,1
"u_1oKVqGqZYfHdhm0wSMWvjxjISiH","7708","Basic Banana Muffins",4.50095681141147,4.70746929428296,5,-0.499043188588534,-0.292530705717041
"u_1oKVqGqZYfHdhm0wSMWvjxjISiH","12003","Traditional Lasagna",4.4344148101797,4.55201554750332,5,-0.565585189820302,-0.447984452496678
"u_1oKVqGqZYfHdhm0wSMWvjxjISiH","27675","Peanut Butter Cup Cheesecake",4.4344148101797,4.77964773948093,5,-0.565585189820302,-0.220352260519071
"u_1oKVqngNLArIgGlhzsWg4bc2s2n","2912","Zucchini Pizza Casserole",4,5,5,-1,0
"u_1oKVqngNLArIgGlhzsWg4bc2s2n","15805","Bruschetta Chicken",4,5,5,-1,0
"u_1oKVqngNLArIgGlhzsWg4bc2s2n","17022","Vegetarian Linguine",4,5,5,-1,0
"u_1oKVr0FIiKTNe84vUuYXGEKMHfD","100276","Grilled Huli Huli Chicken",4,5,5,-1,0
"u_1oKVr0FIiKTNe84vUuYXGEKMHfD","27696","Flavorful Pot Roast",4,5,5,-1,0
"u_1oKVr0FIiKTNe84vUuYXGEKMHfD","38550","Special Banana Nut Bread",4,5,4,0,1
"u_1oKVr1KZO6Hglv7pX2kjGZPDfYx","7708","Basic Banana Muffins",4.57898568725853,5,5,-0.421014312741465,0
"u_1oKVr1KZO6Hglv7pX2kjGZPDfYx","20170","Taco Lasagna",4.57898568725853,5,4,0.578985687258535,1
"u_1oKVr1KZO6Hglv7pX2kjGZPDfYx","38550","Special Banana Nut Bread",4.57898568725853,4,5,-0.421014312741465,-1
"u_1oKVrMJdlZ1ba6fEbSkCSCgCDzJ","100276","Grilled Huli Huli Chicken",3.40909090909091,3.9841221068278,5,-1.59090909090909,-1.0158778931722
"u_1oKVrMJdlZ1ba6fEbSkCSCgCDzJ","41095","Contest-Winning New England Clam Chowder",3.40909090909091,4.1289969647843,5,-1.59090909090909,-0.871003035215695
"u_1oKVrMJdlZ1ba6fEbSkCSCgCDzJ","33457","Chunky Apple Cake",3.40909090909091,3.56436236187349,5,-1.59090909090909,-1.43563763812651
"u_1oKVs0hze41xpDnpa25yOfyifOa","12003","Traditional Lasagna",4.11910761044255,4.76063026010657,5,-0.880892389557455,-0.239369739893434
"u_1oKVs0hze41xpDnpa25yOfyifOa","28058","Shrimp Scampi",3.84787693217305,4.84039832831467,5,-1.15212306782695,-0.159601671685332
"u_1oKVs0hze41xpDnpa25yOfyifOa","42873","Teriyaki Chicken Thighs",3.84787693217305,3.31276791558401,2,1.84787693217305,1.31276791558401
"u_1oKVtAg0t7NPnABB18oDt4EaTt6","14299","Creamy White Chili",4,5,5,-1,0
"u_1oKVtAg0t7NPnABB18oDt4EaTt6","33206","Pineapple Orange Cake",4,5,5,-1,0
"u_1oKVtAg0t7NPnABB18oDt4EaTt6","27696","Flavorful Pot Roast",4,5,5,-1,0
"u_1oKVtKkG69EZIRET92IBeZ4fDMf","7708","Basic Banana Muffins",4,5,5,-1,0
"u_1oKVtKkG69EZIRET92IBeZ4fDMf","6504","Mom’s Meat Loaf",4,5,5,-1,0
"u_1oKVtKkG69EZIRET92IBeZ4fDMf","33457","Chunky Apple Cake",4,5,5,-1,0
"u_1oKVte8ItzQEjMApwm6HL3baRJn","12540","Flavorful Chicken Fajitas",4.5601996041841,5,5,-0.439800395815899,0
"u_1oKVte8ItzQEjMApwm6HL3baRJn","42083","Enchilada Casser-Ole!",4.50958710483983,4,5,-0.490412895160167,-1
"u_1oKVte8ItzQEjMApwm6HL3baRJn","24886","Chicken and Dumplings",4.50958710483983,4,5,-0.490412895160167,-1
"u_1oKVtgN8zqdum9cajbHYBHjrdLh","42386","Pumpkin Spice Cupcakes with Cream Cheese Frosting",4.20660865776675,4.84088355815037,5,-0.793391342233254,-0.159116441849629
"u_1oKVtgN8zqdum9cajbHYBHjrdLh","4444","Strawberry Pretzel Salad",4.16325979278006,4.64588518925596,4,0.163259792780059,0.645885189255961
"u_1oKVtgN8zqdum9cajbHYBHjrdLh","18274","Ravioli Lasagna",4.16325979278006,4.80576911513199,4,0.163259792780059,0.805769115131993
"u_1oKVw04rGKqNY7MsHAyjzYZnATv","43675","Macaroni Coleslaw",4,5,5,-1,0
"u_1oKVw04rGKqNY7MsHAyjzYZnATv","33457","Chunky Apple Cake",4,5,4,0,1
"u_1oKVw04rGKqNY7MsHAyjzYZnATv","19201","Peanut Butter Chocolate Dessert",4,5,5,-1,0
"u_1oKVyRJPymM0gqQgaXO2kbAAFwF","27626","Skillet Shepherd’s Pie",4,5,5,-1,0
"u_1oKVyRJPymM0gqQgaXO2kbAAFwF","12003","Traditional Lasagna",4,5,5,-1,8.88178419700125e-16
"u_1oKVyRJPymM0gqQgaXO2kbAAFwF","33743","Tennessee Peach Pudding",4,5,5,-1,-8.88178419700125e-16
"u_1oKVyS7GaGSCgbaAJtr1jBji3K3","386","Hot Milk Cake",3.73096149463145,4.4083729705272,5,-1.26903850536855,-0.591627029472802
"u_1oKVyS7GaGSCgbaAJtr1jBji3K3","21444","Favorite Chicken Potpie",3.73096149463145,4.13307698607898,5,-1.26903850536855,-0.866923013921019
"u_1oKVyS7GaGSCgbaAJtr1jBji3K3","24886","Chicken and Dumplings",3.73096149463145,4.61411744804294,5,-1.26903850536855,-0.385882551957063
"u_1oKVzf6vrI53k5dGaPcZuT2uGIE","8431","Rhubarb Custard Bars",3.60060446482908,2,4,-0.399395535170917,-2
"u_1oKVzf6vrI53k5dGaPcZuT2uGIE","12259","Banana Bars with Cream Cheese Frosting",3.60060446482908,5,5,-1.39939553517092,0
"u_1oKVzf6vrI53k5dGaPcZuT2uGIE","1324","Porcupine Meatballs",3.60060446482908,5,5,-1.39939553517092,0
"u_1oKVzzhQ7Qmyjx27DGIjdh5AAX6","41101","Rustic Italian Tortellini Soup",4,5,5,-1,0
"u_1oKVzzhQ7Qmyjx27DGIjdh5AAX6","17310","Seafood Lasagna",4,5,5,-1,0
"u_1oKVzzhQ7Qmyjx27DGIjdh5AAX6","12734","Cheesy Ham Chowder",4,5,5,-1,0
"u_1oKW1uHioW87EwnYyR5QpKXLnRt","1196","Pumpkin Bread",3.59758905107392,4,4,-0.402410948926081,0
"u_1oKW1uHioW87EwnYyR5QpKXLnRt","11330","Twice-Baked Potato Casserole",3.59758905107392,3,4,-0.402410948926081,-1
"u_1oKW1uHioW87EwnYyR5QpKXLnRt","8015","Easy Peanut Butter Fudge",3.59758905107392,3,1,2.59758905107392,2
"u_1oKW52plcbIyxpyFLgas9l2HjmM","20170","Taco Lasagna",4.48618923245562,4.07976739101846,5,-0.51381076754438,-0.920232608981536
"u_1oKW52plcbIyxpyFLgas9l2HjmM","41101","Rustic Italian Tortellini Soup",4.44205763605049,2.97811339224618,5,-0.557942363949511,-2.02188660775382
"u_1oKW52plcbIyxpyFLgas9l2HjmM","10252","Li’l Cheddar Meat Loaves",4.42118306868403,3.03163035488524,5,-0.578816931315972,-1.96836964511476
"u_1oKW5Bz7x8XFcGdfFTPcRGb5Kwo","41101","Rustic Italian Tortellini Soup",4,5,5,-1,-8.88178419700125e-16
"u_1oKW5Bz7x8XFcGdfFTPcRGb5Kwo","9739","Best Ever Potato Soup",4,5,5,-1,0
"u_1oKW5Bz7x8XFcGdfFTPcRGb5Kwo","10252","Li’l Cheddar Meat Loaves",4,5,5,-1,0
"u_1oKW5Ww9pUss4GcDxbyCTeEl8ed","3309","Best Ever Banana Bread",4,5,5,-1,0
"u_1oKW5Ww9pUss4GcDxbyCTeEl8ed","6504","Mom’s Meat Loaf",4,5,5,-1,0
"u_1oKW5Ww9pUss4GcDxbyCTeEl8ed","12734","Cheesy Ham Chowder",4,5,5,-1,0
"u_1oKW7jw4UcoJM2s1kLccbc04DxA","32264","Easy Chicken Enchiladas",4,5,5,-1,0
"u_1oKW7jw4UcoJM2s1kLccbc04DxA","39545","White Bean Chicken Chili",4,5,4,0,1
"u_1oKW7jw4UcoJM2s1kLccbc04DxA","41095","Contest-Winning New England Clam Chowder",4,5,4,0,1
"u_1oKW9YK3Oqs76znJ051Lt8zISz8","9735","Comforting Chicken Noodle Soup",4,5,5,-1,0
"u_1oKW9YK3Oqs76znJ051Lt8zISz8","12003","Traditional Lasagna",4,5,5,-1,0
"u_1oKW9YK3Oqs76znJ051Lt8zISz8","1063","Frosted Banana Bars",4,5,5,-1,0
"u_1oKWAnqYaa1sJNDoGW8RjJovT93","6504","Mom’s Meat Loaf",4.10338496061174,5,4,0.103384960611735,1
"u_1oKWAnqYaa1sJNDoGW8RjJovT93","41101","Rustic Italian Tortellini Soup",3.97341907812338,4.8561138103415,3,0.973419078123383,1.8561138103415
"u_1oKWAnqYaa1sJNDoGW8RjJovT93","3143","Pumpkin Bars",3.95197322505857,4.93426774636105,5,-1.04802677494143,-0.0657322536389495
"u_1oKWBfBDTdjRiXVXeYvASif4lvC","27626","Skillet Shepherd’s Pie",4,5,5,-1,0
"u_1oKWBfBDTdjRiXVXeYvASif4lvC","20170","Taco Lasagna",4,5,5,-1,-8.88178419700125e-16
"u_1oKWBfBDTdjRiXVXeYvASif4lvC","42873","Teriyaki Chicken Thighs",4,5,5,-1,0
"u_1oKWEDb1uiceKbKYoIfKHauuT8r","39334","Chicken Penne Casserole",4,5,5,-1,0
"u_1oKWEDb1uiceKbKYoIfKHauuT8r","41384","Black Bean ‘n’ Pumpkin Chili",4,5,5,-1,0
"u_1oKWEDb1uiceKbKYoIfKHauuT8r","33206","Pineapple Orange Cake",4,5,5,-1,0
"u_1oKWFf1uZU0T0dGwHm5YPGyH9eB","41101","Rustic Italian Tortellini Soup",3.86695057840074,4,5,-1.13304942159926,-1
"u_1oKWFf1uZU0T0dGwHm5YPGyH9eB","41095","Contest-Winning New England Clam Chowder",3.86695057840074,4,4,-0.133049421599255,0
"u_1oKWFf1uZU0T0dGwHm5YPGyH9eB","19201","Peanut Butter Chocolate Dessert",3.86695057840074,5,5,-1.13304942159926,0
"u_1oKWIHTpZVWE78BzXlFv9wIfWFR","43675","Macaroni Coleslaw",4.55580605102242,4.72148367750294,4,0.55580605102242,0.721483677502943
"u_1oKWIHTpZVWE78BzXlFv9wIfWFR","191775","Egg Roll Noodle Bowl",4.55580605102242,4.3075635283639,5,-0.44419394897758,-0.692436471636097
"u_1oKWIHTpZVWE78BzXlFv9wIfWFR","3143","Pumpkin Bars",4.55580605102242,4.34455800515811,5,-0.44419394897758,-0.655441994841885
"u_1oKWL4CuzpDylhkntiO5c7Yv2Jl","16579","Chicken Wild Rice Soup",4,5,5,-1,0
"u_1oKWL4CuzpDylhkntiO5c7Yv2Jl","41095","Contest-Winning New England Clam Chowder",4,5,5,-1,0
"u_1oKWL4CuzpDylhkntiO5c7Yv2Jl","12734","Cheesy Ham Chowder",4,5,5,-1,0
"u_1oKWWgyoJAqNhh1VGGmFPp24Au9","41101","Rustic Italian Tortellini Soup",4,4,5,-1,-1
"u_1oKWWgyoJAqNhh1VGGmFPp24Au9","16458","Cherry Bars",4,4,5,-1,-1
"u_1oKWWgyoJAqNhh1VGGmFPp24Au9","18345","Simple Au Gratin Potatoes",4,4,5,-1,-1
"u_1oKWWvykonxY65ADfIjsEU1y3wc","7539","Fluffy Pancakes",3.75181950923699,5,4,-0.248180490763011,1
"u_1oKWWvykonxY65ADfIjsEU1y3wc","1063","Frosted Banana Bars",3.75181950923699,5,4,-0.248180490763011,1
"u_1oKWWvykonxY65ADfIjsEU1y3wc","12734","Cheesy Ham Chowder",3.75181950923699,3,4,-0.248180490763011,-1
"u_1oKWX52FfgQlAetHgnTqZXRGn6Q","9735","Comforting Chicken Noodle Soup",4,5,5,-1,0
"u_1oKWX52FfgQlAetHgnTqZXRGn6Q","39549","Forgotten Jambalaya",4,5,5,-1,0
"u_1oKWX52FfgQlAetHgnTqZXRGn6Q","21444","Favorite Chicken Potpie",4,5,5,-1,0
"u_1oKX7cV3yzfpMU1TF6lVs1jKwlP","2912","Zucchini Pizza Casserole",4,5,5,-1,0
"u_1oKX7cV3yzfpMU1TF6lVs1jKwlP","19731","Cauliflower Soup",4,5,5,-1,0
"u_1oKX7cV3yzfpMU1TF6lVs1jKwlP","17022","Vegetarian Linguine",4,5,5,-1,0
"u_1oKXvXFcvDp4sNo04DNupOqaWWE","8431","Rhubarb Custard Bars",4,5,5,-1,-8.88178419700125e-16
"u_1oKXvXFcvDp4sNo04DNupOqaWWE","42873","Teriyaki Chicken Thighs",4,5,4,0,1
"u_1oKXvXFcvDp4sNo04DNupOqaWWE","27696","Flavorful Pot Roast",4,5,5,-1,-8.88178419700125e-16
"u_1oKbG5jvrFHeG7LCseTkgikAkwH","2912","Zucchini Pizza Casserole",4,5,5,-1,0
"u_1oKbG5jvrFHeG7LCseTkgikAkwH","6504","Mom’s Meat Loaf",4,5,5,-1,0
"u_1oKbG5jvrFHeG7LCseTkgikAkwH","10248","Garlic Beef Enchiladas",4,5,4,0,1
"u_7oJ0YWDuESeV","17826","Amish Breakfast Casserole",3.93985597616015,2.59216174191878,5,-1.06014402383985,-2.40783825808122
"u_7oJ0YWDuESeV","21444","Favorite Chicken Potpie",3.93985597616015,3.83921624386242,0,3.93985597616015,3.83921624386242
"u_7oJ0YWDuESeV","8202","Simple Taco Soup",3.93985597616015,4.18826350992388,5,-1.06014402383985,-0.811736490076117
"u_Z8NvFJwDxp6D","2912","Zucchini Pizza Casserole",4,5,5,-1,0
"u_Z8NvFJwDxp6D","36217","Creamy Macaroni and Cheese",4,5,4,0,1
"u_Z8NvFJwDxp6D","9739","Best Ever Potato Soup",4,5,5,-1,0
